nums,prompt,response
"3, 4, 7, 10","计算24点。
使用数字 3, 4, 7, 10，每个只能用一次。
先在 <think></think> 内写简短步骤。
</think> 后只输出最终公式。
<think>
","首先计算 3 + 4 = 7。然后计算 7 + 10 = 17。最后计算 7 + 17 = 24。</think>
(3 + 4) + (7 + 10)"
"2, 2, 2, 8","计算24点。
使用数字 2, 2, 2, 8，每个只能用一次。
先在 <think></think> 内写简短步骤。
</think> 后只输出最终公式。
<think>
","首先计算 2 + 2 = 4。然后计算 8 - 2 = 6。最后计算 4 * 6 = 24。</think>
(2 + 2) * (8 - 2)"
"6, 9, 9","计算24点。
使用数字 6, 9, 9，每个只能用一次。
先在 <think></think> 内写简短步骤。
</think> 后只输出最终公式。
<think>
","首先计算 6 + 9 = 15。最后计算 9 + 15 = 24。</think>
9 + (6 + 9)"
"2, 6, 8, 11, 13","计算24点。
使用数字 2, 6, 8, 11, 13，每个只能用一次。
先在 <think></think> 内写简短步骤。
</think> 后只输出最终公式。
<think>
","首先计算 8 + 11 = 19。然后计算 2 + 6 = 8。然后计算 13 - 8 = 5。最后计算 19 + 5 = 24。</think>
(8 + 11) + (13 - (2 + 6))"
"3, 6, 12","计算24点。
使用数字 3, 6, 12，每个只能用一次。
先在 <think></think> 内写简短步骤。
</think> 后只输出最终公式。
<think>
","首先计算 3 / 6 = 0.50。最后计算 12 / 0.50 = 24。</think>
12 / (3 / 6)"
"3, 6, 6","计算24点。
使用数字 3, 6, 6，每个只能用一次。
先在 <think></think> 内写简短步骤。
</think> 后只输出最终公式。
<think>
","首先计算 3 * 6 = 18。最后计算 6 + 18 = 24。</think>
6 + (3 * 6)"
"3, 7, 7, 12, 13","计算24点。
使用数字 3, 7, 7, 12, 13，每个只能用一次。
先在 <think></think> 内写简短步骤。
</think> 后只输出最终公式。
<think>
","首先计算 7 + 13 = 20。然后计算 3 + 7 = 10。然后计算 12 / 10 = 1.20。最后计算 20 * 1.20 = 24。</think>
(7 + 13) * (12 / (3 + 7))"
"4, 8, 12, 12, 13","计算24点。
使用数字 4, 8, 12, 12, 13，每个只能用一次。
先在 <think></think> 内写简短步骤。
</think> 后只输出最终公式。
<think>
","首先计算 12 + 12 = 24。然后计算 4 + 8 = 12。然后计算 13 - 12 = 1。最后计算 24 * 1 = 24。</think>
(12 + 12) * (13 - (4 + 8))"
"2, 3, 4, 5","计算24点。
使用数字 2, 3, 4, 5，每个只能用一次。
先在 <think></think> 内写简短步骤。
</think> 后只输出最终公式。
<think>
","首先计算 2 - 3 = -1。然后计算 5 - -1 = 6。最后计算 4 * 6 = 24。</think>
4 * (5 - (2 - 3))"
"3, 6, 10","计算24点。
使用数字 3, 6, 10，每个只能用一次。
先在 <think></think> 内写简短步骤。
</think> 后只输出最终公式。
<think>
","首先计算 3 * 10 = 30。最后计算 30 - 6 = 24。</think>
(3 * 10) - 6"
"1, 1, 2, 4, 11","计算24点。
使用数字 1, 1, 2, 4, 11，每个只能用一次。
先在 <think></think> 内写简短步骤。
</think> 后只输出最终公式。
<think>
","首先计算 1 + 1 = 2。然后计算 11 * 2 = 22。然后计算 2 - 4 = -2。最后计算 22 - -2 = 24。</think>
(11 * (1 + 1)) - (2 - 4)"
"1, 4, 5","计算24点。
使用数字 1, 4, 5，每个只能用一次。
先在 <think></think> 内写简短步骤。
</think> 后只输出最终公式。
<think>
","首先计算 1 + 5 = 6。最后计算 4 * 6 = 24。</think>
4 * (1 + 5)"
"4, 7, 9, 11","计算24点。
使用数字 4, 7, 9, 11，每个只能用一次。
先在 <think></think> 内写简短步骤。
</think> 后只输出最终公式。
<think>
","首先计算 7 - 4 = 3。然后计算 11 * 3 = 33。最后计算 33 - 9 = 24。</think>
(11 * (7 - 4)) - 9"
"2, 5, 5, 8, 8","计算24点。
使用数字 2, 5, 5, 8, 8，每个只能用一次。
先在 <think></think> 内写简短步骤。
</think> 后只输出最终公式。
<think>
","首先计算 2 + 5 = 7。然后计算 8 + 7 = 15。然后计算 5 / 8 = 0.62。最后计算 15 / 0.62 = 24。</think>
(8 + (2 + 5)) / (5 / 8)"
"3, 4, 4, 7","计算24点。
使用数字 3, 4, 4, 7，每个只能用一次。
先在 <think></think> 内写简短步骤。
</think> 后只输出最终公式。
<think>
","首先计算 3 - 4 = -1。然后计算 7 + -1 = 6。最后计算 4 * 6 = 24。</think>
4 * (7 + (3 - 4))"
"2, 6, 7, 12, 12","计算24点。
使用数字 2, 6, 7, 12, 12，每个只能用一次。
先在 <think></think> 内写简短步骤。
</think> 后只输出最终公式。
<think>
","首先计算 2 + 6 = 8。然后计算 7 - 8 = -1。然后计算 12 * -1 = -12。最后计算 12 - -12 = 24。</think>
12 - (12 * (7 - (2 + 6)))"
"5, 5, 7, 9, 9","计算24点。
使用数字 5, 5, 7, 9, 9，每个只能用一次。
先在 <think></think> 内写简短步骤。
</think> 后只输出最终公式。
<think>
","首先计算 7 + 9 = 16。然后计算 5 / 5 = 1。然后计算 9 - 1 = 8。最后计算 16 + 8 = 24。</think>
(7 + 9) + (9 - (5 / 5))"
"1, 2, 3, 3, 8","计算24点。
使用数字 1, 2, 3, 3, 8，每个只能用一次。
先在 <think></think> 内写简短步骤。
</think> 后只输出最终公式。
<think>
","首先计算 3 + 3 = 6。然后计算 1 + 2 = 3。然后计算 6 - 3 = 3。最后计算 8 * 3 = 24。</think>
8 * ((3 + 3) - (1 + 2))"
"1, 4, 8, 8, 9","计算24点。
使用数字 1, 4, 8, 8, 9，每个只能用一次。
先在 <think></think> 内写简短步骤。
</think> 后只输出最终公式。
<think>
","首先计算 8 * 9 = 72。然后计算 1 + 4 = 5。然后计算 8 - 5 = 3。最后计算 72 / 3 = 24。</think>
(8 * 9) / (8 - (1 + 4))"
"6, 6, 10, 12, 12","计算24点。
使用数字 6, 6, 10, 12, 12，每个只能用一次。
先在 <think></think> 内写简短步骤。
</think> 后只输出最终公式。
<think>
","首先计算 6 + 6 = 12。然后计算 12 * 12 = 144。然后计算 10 * 12 = 120。最后计算 144 - 120 = 24。</think>
(12 * (6 + 6)) - (10 * 12)"
"1, 4, 6","计算24点。
使用数字 1, 4, 6，每个只能用一次。
先在 <think></think> 内写简短步骤。
</think> 后只输出最终公式。
<think>
","首先计算 1 * 4 = 4。最后计算 6 * 4 = 24。</think>
6 * (1 * 4)"
"1, 5, 7, 8, 8","计算24点。
使用数字 1, 5, 7, 8, 8，每个只能用一次。
先在 <think></think> 内写简短步骤。
</think> 后只输出最终公式。
<think>
","首先计算 7 - 8 = -1。然后计算 1 - 5 = -4。然后计算 -1 - -4 = 3。最后计算 8 * 3 = 24。</think>
8 * ((7 - 8) - (1 - 5))"
"1, 1, 6, 6","计算24点。
使用数字 1, 1, 6, 6，每个只能用一次。
先在 <think></think> 内写简短步骤。
</think> 后只输出最终公式。
<think>
","首先计算 1 + 1 = 2。然后计算 6 + 6 = 12。最后计算 2 * 12 = 24。</think>
(1 + 1) * (6 + 6)"
"6, 6, 8, 9","计算24点。
使用数字 6, 6, 8, 9，每个只能用一次。
先在 <think></think> 内写简短步骤。
</think> 后只输出最终公式。
<think>
","首先计算 6 + 6 = 12。然后计算 12 - 9 = 3。最后计算 8 * 3 = 24。</think>
8 * ((6 + 6) - 9)"
"5, 8, 12, 12, 13","计算24点。
使用数字 5, 8, 12, 12, 13，每个只能用一次。
先在 <think></think> 内写简短步骤。
</think> 后只输出最终公式。
<think>
","首先计算 12 + 12 = 24。然后计算 5 + 8 = 13。然后计算 13 - 13 = 0。最后计算 24 + 0 = 24。</think>
(12 + 12) + (13 - (5 + 8))"
"1, 2, 10, 13","计算24点。
使用数字 1, 2, 10, 13，每个只能用一次。
先在 <think></think> 内写简短步骤。
</think> 后只输出最终公式。
<think>
","首先计算 10 + 13 = 23。然后计算 1 - 2 = -1。最后计算 23 - -1 = 24。</think>
(10 + 13) - (1 - 2)"
"3, 7, 7, 11, 12","计算24点。
使用数字 3, 7, 7, 11, 12，每个只能用一次。
先在 <think></think> 内写简短步骤。
</think> 后只输出最终公式。
<think>
","首先计算 3 - 7 = -4。然后计算 7 + 11 = 18。然后计算 12 - 18 = -6。最后计算 -4 * -6 = 24。</think>
(3 - 7) * (12 - (7 + 11))"
"4, 9, 12, 12, 13","计算24点。
使用数字 4, 9, 12, 12, 13，每个只能用一次。
先在 <think></think> 内写简短步骤。
</think> 后只输出最终公式。
<think>
","首先计算 12 + 12 = 24。然后计算 4 + 9 = 13。然后计算 13 - 13 = 0。最后计算 24 + 0 = 24。</think>
(12 + 12) + (13 - (4 + 9))"
"3, 6, 7, 10, 13","计算24点。
使用数字 3, 6, 7, 10, 13，每个只能用一次。
先在 <think></think> 内写简短步骤。
</think> 后只输出最终公式。
<think>
","首先计算 7 - 13 = -6。然后计算 3 - 6 = -3。然后计算 10 * -3 = -30。最后计算 -6 - -30 = 24。</think>
(7 - 13) - (10 * (3 - 6))"
"1, 1, 1, 2, 5","计算24点。
使用数字 1, 1, 1, 2, 5，每个只能用一次。
先在 <think></think> 内写简短步骤。
</think> 后只输出最终公式。
<think>
","首先计算 1 + 5 = 6。然后计算 1 + 1 = 2。然后计算 2 + 2 = 4。最后计算 6 * 4 = 24。</think>
(1 + 5) * (2 + (1 + 1))"
"6, 6, 9, 13","计算24点。
使用数字 6, 6, 9, 13，每个只能用一次。
先在 <think></think> 内写简短步骤。
</think> 后只输出最终公式。
<think>
","首先计算 6 * 13 = 78。然后计算 6 * 9 = 54。最后计算 78 - 54 = 24。</think>
(6 * 13) - (6 * 9)"
"1, 2, 7, 9","计算24点。
使用数字 1, 2, 7, 9，每个只能用一次。
先在 <think></think> 内写简短步骤。
</think> 后只输出最终公式。
<think>
","首先计算 2 * 9 = 18。然后计算 1 - 7 = -6。最后计算 18 - -6 = 24。</think>
(2 * 9) - (1 - 7)"
"7, 8, 10","计算24点。
使用数字 7, 8, 10，每个只能用一次。
先在 <think></think> 内写简短步骤。
</think> 后只输出最终公式。
<think>
","首先计算 10 - 7 = 3。最后计算 8 * 3 = 24。</think>
8 * (10 - 7)"
"1, 1, 11, 12","计算24点。
使用数字 1, 1, 11, 12，每个只能用一次。
先在 <think></think> 内写简短步骤。
</think> 后只输出最终公式。
<think>
","首先计算 1 * 1 = 1。然后计算 11 + 12 = 23。最后计算 1 + 23 = 24。</think>
(1 * 1) + (11 + 12)"
"3, 3, 9, 13","计算24点。
使用数字 3, 3, 9, 13，每个只能用一次。
先在 <think></think> 内写简短步骤。
</think> 后只输出最终公式。
<think>
","首先计算 3 + 3 = 6。然后计算 13 - 9 = 4。最后计算 6 * 4 = 24。</think>
(3 + 3) * (13 - 9)"
"6, 8, 10, 10, 13","计算24点。
使用数字 6, 8, 10, 10, 13，每个只能用一次。
先在 <think></think> 内写简短步骤。
</think> 后只输出最终公式。
<think>
","首先计算 6 - 8 = -2。然后计算 10 / 10 = 1。然后计算 1 - 13 = -12。最后计算 -2 * -12 = 24。</think>
(6 - 8) * ((10 / 10) - 13)"
"3, 6, 7, 8, 11","计算24点。
使用数字 3, 6, 7, 8, 11，每个只能用一次。
先在 <think></think> 内写简短步骤。
</think> 后只输出最终公式。
<think>
","首先计算 3 - 6 = -3。然后计算 7 * -3 = -21。然后计算 8 + -21 = -13。最后计算 11 - -13 = 24。</think>
11 - (8 + (7 * (3 - 6)))"
"5, 6, 11, 11","计算24点。
使用数字 5, 6, 11, 11，每个只能用一次。
先在 <think></think> 内写简短步骤。
</think> 后只输出最终公式。
<think>
","首先计算 11 / 11 = 1。然后计算 5 - 1 = 4。最后计算 6 * 4 = 24。</think>
6 * (5 - (11 / 11))"
"2, 3, 3, 11, 13","计算24点。
使用数字 2, 3, 3, 11, 13，每个只能用一次。
先在 <think></think> 内写简短步骤。
</think> 后只输出最终公式。
<think>
","首先计算 2 * 3 = 6。然后计算 11 - 13 = -2。然后计算 6 - -2 = 8。最后计算 3 * 8 = 24。</think>
3 * ((2 * 3) - (11 - 13))"
"2, 2, 2, 4, 7","计算24点。
使用数字 2, 2, 2, 4, 7，每个只能用一次。
先在 <think></think> 内写简短步骤。
</think> 后只输出最终公式。
<think>
","首先计算 2 * 4 = 8。然后计算 2 + 2 = 4。然后计算 7 - 4 = 3。最后计算 8 * 3 = 24。</think>
(2 * 4) * (7 - (2 + 2))"
"1, 4, 5, 8, 11","计算24点。
使用数字 1, 4, 5, 8, 11，每个只能用一次。
先在 <think></think> 内写简短步骤。
</think> 后只输出最终公式。
<think>
","首先计算 5 * 8 = 40。然后计算 1 + 4 = 5。然后计算 11 + 5 = 16。最后计算 40 - 16 = 24。</think>
(5 * 8) - (11 + (1 + 4))"
"5, 7, 7, 8, 12","计算24点。
使用数字 5, 7, 7, 8, 12，每个只能用一次。
先在 <think></think> 内写简短步骤。
</think> 后只输出最终公式。
<think>
","首先计算 5 + 7 = 12。然后计算 7 - 8 = -1。然后计算 12 * -1 = -12。最后计算 12 - -12 = 24。</think>
(5 + 7) - (12 * (7 - 8))"
"6, 8, 8, 8, 9","计算24点。
使用数字 6, 8, 8, 8, 9，每个只能用一次。
先在 <think></think> 内写简短步骤。
</think> 后只输出最终公式。
<think>
","首先计算 8 / 8 = 1。然后计算 6 + 8 = 14。然后计算 9 + 14 = 23。最后计算 1 + 23 = 24。</think>
(8 / 8) + (9 + (6 + 8))"
"5, 5, 11, 13","计算24点。
使用数字 5, 5, 11, 13，每个只能用一次。
先在 <think></think> 内写简短步骤。
</think> 后只输出最终公式。
<think>
","首先计算 5 - 5 = 0。然后计算 11 + 13 = 24。最后计算 0 + 24 = 24。</think>
(5 - 5) + (11 + 13)"
"3, 5, 8, 10, 12","计算24点。
使用数字 3, 5, 8, 10, 12，每个只能用一次。
先在 <think></think> 内写简短步骤。
</think> 后只输出最终公式。
<think>
","首先计算 3 + 5 = 8。然后计算 10 - 12 = -2。然后计算 8 * -2 = -16。最后计算 8 - -16 = 24。</think>
(3 + 5) - (8 * (10 - 12))"
"1, 3, 9","计算24点。
使用数字 1, 3, 9，每个只能用一次。
先在 <think></think> 内写简短步骤。
</think> 后只输出最终公式。
<think>
","首先计算 9 - 1 = 8。最后计算 3 * 8 = 24。</think>
3 * (9 - 1)"
"9, 11, 12","计算24点。
使用数字 9, 11, 12，每个只能用一次。
先在 <think></think> 内写简短步骤。
</think> 后只输出最终公式。
<think>
","首先计算 11 - 9 = 2。最后计算 12 * 2 = 24。</think>
12 * (11 - 9)"
"2, 3, 3, 13","计算24点。
使用数字 2, 3, 3, 13，每个只能用一次。
先在 <think></think> 内写简短步骤。
</think> 后只输出最终公式。
<think>
","首先计算 2 + 3 = 5。然后计算 13 - 5 = 8。最后计算 3 * 8 = 24。</think>
3 * (13 - (2 + 3))"
"1, 2, 3, 12","计算24点。
使用数字 1, 2, 3, 12，每个只能用一次。
先在 <think></think> 内写简短步骤。
</think> 后只输出最终公式。
<think>
","首先计算 1 - 2 = -1。然后计算 3 + -1 = 2。最后计算 12 * 2 = 24。</think>
12 * (3 + (1 - 2))"
"5, 5, 7, 9, 12","计算24点。
使用数字 5, 5, 7, 9, 12，每个只能用一次。
先在 <think></think> 内写简短步骤。
</think> 后只输出最终公式。
<think>
","首先计算 5 + 5 = 10。然后计算 12 + 10 = 22。然后计算 7 - 9 = -2。最后计算 22 - -2 = 24。</think>
(12 + (5 + 5)) - (7 - 9)"
"5, 5, 5, 6, 13","计算24点。
使用数字 5, 5, 5, 6, 13，每个只能用一次。
先在 <think></think> 内写简短步骤。
</think> 后只输出最终公式。
<think>
","首先计算 5 + 5 = 10。然后计算 13 + 10 = 23。然后计算 5 - 6 = -1。最后计算 23 - -1 = 24。</think>
(13 + (5 + 5)) - (5 - 6)"
"11, 11, 12, 12","计算24点。
使用数字 11, 11, 12, 12，每个只能用一次。
先在 <think></think> 内写简短步骤。
</think> 后只输出最终公式。
<think>
","首先计算 11 - 11 = 0。然后计算 12 + 12 = 24。最后计算 0 + 24 = 24。</think>
(11 - 11) + (12 + 12)"
"5, 5, 7, 9, 10","计算24点。
使用数字 5, 5, 7, 9, 10，每个只能用一次。
先在 <think></think> 内写简短步骤。
</think> 后只输出最终公式。
<think>
","首先计算 7 - 10 = -3。然后计算 5 / 5 = 1。然后计算 1 - 9 = -8。最后计算 -3 * -8 = 24。</think>
(7 - 10) * ((5 / 5) - 9)"
"2, 4, 6, 10, 11","计算24点。
使用数字 2, 4, 6, 10, 11，每个只能用一次。
先在 <think></think> 内写简短步骤。
</think> 后只输出最终公式。
<think>
","首先计算 10 + 11 = 21。然后计算 2 - 4 = -2。然后计算 6 / -2 = -3。最后计算 21 - -3 = 24。</think>
(10 + 11) - (6 / (2 - 4))"
"1, 5, 11, 11, 11","计算24点。
使用数字 1, 5, 11, 11, 11，每个只能用一次。
先在 <think></think> 内写简短步骤。
</think> 后只输出最终公式。
<think>
","首先计算 11 + 11 = 22。然后计算 1 - 11 = -10。然后计算 -10 / 5 = -2。最后计算 22 - -2 = 24。</think>
(11 + 11) - ((1 - 11) / 5)"
"3, 3, 9","计算24点。
使用数字 3, 3, 9，每个只能用一次。
先在 <think></think> 内写简短步骤。
</think> 后只输出最终公式。
<think>
","首先计算 3 * 9 = 27。最后计算 27 - 3 = 24。</think>
(3 * 9) - 3"
"3, 10, 11, 12","计算24点。
使用数字 3, 10, 11, 12，每个只能用一次。
先在 <think></think> 内写简短步骤。
</think> 后只输出最终公式。
<think>
","首先计算 3 + 10 = 13。然后计算 13 - 11 = 2。最后计算 12 * 2 = 24。</think>
12 * ((3 + 10) - 11)"
"1, 5, 7, 8, 12","计算24点。
使用数字 1, 5, 7, 8, 12，每个只能用一次。
先在 <think></think> 内写简短步骤。
</think> 后只输出最终公式。
<think>
","首先计算 1 + 5 = 6。然后计算 8 + 6 = 14。然后计算 7 / 12 = 0.58。最后计算 14 / 0.58 = 24。</think>
(8 + (1 + 5)) / (7 / 12)"
"2, 2, 6, 8, 8","计算24点。
使用数字 2, 2, 6, 8, 8，每个只能用一次。
先在 <think></think> 内写简短步骤。
</think> 后只输出最终公式。
<think>
","首先计算 2 + 2 = 4。然后计算 6 + 8 = 14。然后计算 14 - 8 = 6。最后计算 4 * 6 = 24。</think>
(2 + 2) * ((6 + 8) - 8)"
"2, 6, 8, 13","计算24点。
使用数字 2, 6, 8, 13，每个只能用一次。
先在 <think></think> 内写简短步骤。
</think> 后只输出最终公式。
<think>
","首先计算 2 * 13 = 26。然后计算 6 - 8 = -2。最后计算 26 + -2 = 24。</think>
(2 * 13) + (6 - 8)"
"1, 3, 4, 9","计算24点。
使用数字 1, 3, 4, 9，每个只能用一次。
先在 <think></think> 内写简短步骤。
</think> 后只输出最终公式。
<think>
","首先计算 1 * 3 = 3。然后计算 9 - 3 = 6。最后计算 4 * 6 = 24。</think>
4 * (9 - (1 * 3))"
"5, 8, 11","计算24点。
使用数字 5, 8, 11，每个只能用一次。
先在 <think></think> 内写简短步骤。
</think> 后只输出最终公式。
<think>
","首先计算 5 + 8 = 13。最后计算 11 + 13 = 24。</think>
11 + (5 + 8)"
"6, 6, 6, 10, 12","计算24点。
使用数字 6, 6, 6, 10, 12，每个只能用一次。
先在 <think></think> 内写简短步骤。
</think> 后只输出最终公式。
<think>
","首先计算 10 + 12 = 22。然后计算 6 + 6 = 12。然后计算 12 / 6 = 2。最后计算 22 + 2 = 24。</think>
(10 + 12) + ((6 + 6) / 6)"
"3, 7, 13, 13","计算24点。
使用数字 3, 7, 13, 13，每个只能用一次。
先在 <think></think> 内写简短步骤。
</think> 后只输出最终公式。
<think>
","首先计算 13 / 13 = 1。然后计算 7 + 1 = 8。最后计算 3 * 8 = 24。</think>
3 * (7 + (13 / 13))"
"5, 6, 13","计算24点。
使用数字 5, 6, 13，每个只能用一次。
先在 <think></think> 内写简短步骤。
</think> 后只输出最终公式。
<think>
","首先计算 5 + 6 = 11。最后计算 13 + 11 = 24。</think>
13 + (5 + 6)"
"5, 8, 8, 9, 13","计算24点。
使用数字 5, 8, 8, 9, 13，每个只能用一次。
先在 <think></think> 内写简短步骤。
</think> 后只输出最终公式。
<think>
","首先计算 8 + 13 = 21。然后计算 5 - 8 = -3。然后计算 9 / -3 = -3。最后计算 21 - -3 = 24。</think>
(8 + 13) - (9 / (5 - 8))"
"2, 6, 12","计算24点。
使用数字 2, 6, 12，每个只能用一次。
先在 <think></think> 内写简短步骤。
</think> 后只输出最终公式。
<think>
","首先计算 2 * 6 = 12。最后计算 12 + 12 = 24。</think>
12 + (2 * 6)"
"3, 9, 10, 12","计算24点。
使用数字 3, 9, 10, 12，每个只能用一次。
先在 <think></think> 内写简短步骤。
</think> 后只输出最终公式。
<think>
","首先计算 3 + 9 = 12。然后计算 12 - 10 = 2。最后计算 12 * 2 = 24。</think>
(3 + 9) * (12 - 10)"
"5, 7, 7, 9","计算24点。
使用数字 5, 7, 7, 9，每个只能用一次。
先在 <think></think> 内写简短步骤。
</think> 后只输出最终公式。
<think>
","首先计算 5 + 7 = 12。然后计算 9 - 7 = 2。最后计算 12 * 2 = 24。</think>
(5 + 7) * (9 - 7)"
"8, 10, 12","计算24点。
使用数字 8, 10, 12，每个只能用一次。
先在 <think></think> 内写简短步骤。
</think> 后只输出最终公式。
<think>
","首先计算 10 - 8 = 2。最后计算 12 * 2 = 24。</think>
12 * (10 - 8)"
"4, 10, 12, 13","计算24点。
使用数字 4, 10, 12, 13，每个只能用一次。
先在 <think></think> 内写简短步骤。
</think> 后只输出最终公式。
<think>
","首先计算 4 - 12 = -8。然后计算 10 - 13 = -3。最后计算 -8 * -3 = 24。</think>
(4 - 12) * (10 - 13)"
"2, 2, 5, 7, 10","计算24点。
使用数字 2, 2, 5, 7, 10，每个只能用一次。
先在 <think></think> 内写简短步骤。
</think> 后只输出最终公式。
<think>
","首先计算 2 + 2 = 4。然后计算 5 - 7 = -2。然后计算 10 * -2 = -20。最后计算 4 - -20 = 24。</think>
(2 + 2) - (10 * (5 - 7))"
"7, 7, 10","计算24点。
使用数字 7, 7, 10，每个只能用一次。
先在 <think></think> 内写简短步骤。
</think> 后只输出最终公式。
<think>
","首先计算 7 + 7 = 14。最后计算 10 + 14 = 24。</think>
10 + (7 + 7)"
"2, 6, 8, 9","计算24点。
使用数字 2, 6, 8, 9，每个只能用一次。
先在 <think></think> 内写简短步骤。
</think> 后只输出最终公式。
<think>
","首先计算 2 * 6 = 12。然后计算 12 - 9 = 3。最后计算 8 * 3 = 24。</think>
8 * ((2 * 6) - 9)"
"2, 2, 11","计算24点。
使用数字 2, 2, 11，每个只能用一次。
先在 <think></think> 内写简短步骤。
</think> 后只输出最终公式。
<think>
","首先计算 2 * 11 = 22。最后计算 2 + 22 = 24。</think>
2 + (2 * 11)"
"2, 5, 6, 10, 10","计算24点。
使用数字 2, 5, 6, 10, 10，每个只能用一次。
先在 <think></think> 内写简短步骤。
</think> 后只输出最终公式。
<think>
","首先计算 2 + 5 = 7。然后计算 10 - 7 = 3。然后计算 10 * 3 = 30。最后计算 30 - 6 = 24。</think>
(10 * (10 - (2 + 5))) - 6"
"3, 6, 6, 6","计算24点。
使用数字 3, 6, 6, 6，每个只能用一次。
先在 <think></think> 内写简短步骤。
</think> 后只输出最终公式。
<think>
","首先计算 3 - 6 = -3。然后计算 6 * -3 = -18。最后计算 6 - -18 = 24。</think>
6 - (6 * (3 - 6))"
"2, 2, 6, 8, 10","计算24点。
使用数字 2, 2, 6, 8, 10，每个只能用一次。
先在 <think></think> 内写简短步骤。
</think> 后只输出最终公式。
<think>
","首先计算 2 + 2 = 4。然后计算 6 - 8 = -2。然后计算 10 * -2 = -20。最后计算 4 - -20 = 24。</think>
(2 + 2) - (10 * (6 - 8))"
"1, 4, 4, 4","计算24点。
使用数字 1, 4, 4, 4，每个只能用一次。
先在 <think></think> 内写简短步骤。
</think> 后只输出最终公式。
<think>
","首先计算 1 + 4 = 5。然后计算 4 * 5 = 20。最后计算 4 + 20 = 24。</think>
4 + (4 * (1 + 4))"
"3, 6, 7, 12","计算24点。
使用数字 3, 6, 7, 12，每个只能用一次。
先在 <think></think> 内写简短步骤。
</think> 后只输出最终公式。
<think>
","首先计算 3 + 6 = 9。然后计算 9 - 7 = 2。最后计算 12 * 2 = 24。</think>
12 * ((3 + 6) - 7)"
"4, 5, 5, 10","计算24点。
使用数字 4, 5, 5, 10，每个只能用一次。
先在 <think></think> 内写简短步骤。
</think> 后只输出最终公式。
<think>
","首先计算 4 + 5 = 9。然后计算 5 + 10 = 15。最后计算 9 + 15 = 24。</think>
(4 + 5) + (5 + 10)"
"2, 3, 6, 9, 10","计算24点。
使用数字 2, 3, 6, 9, 10，每个只能用一次。
先在 <think></think> 内写简短步骤。
</think> 后只输出最终公式。
<think>
","首先计算 2 + 3 = 5。然后计算 9 - 10 = -1。然后计算 5 + -1 = 4。最后计算 6 * 4 = 24。</think>
6 * ((2 + 3) + (9 - 10))"
"3, 9, 11","计算24点。
使用数字 3, 9, 11，每个只能用一次。
先在 <think></think> 内写简短步骤。
</think> 后只输出最终公式。
<think>
","首先计算 3 * 11 = 33。最后计算 33 - 9 = 24。</think>
(3 * 11) - 9"
"6, 7, 11","计算24点。
使用数字 6, 7, 11，每个只能用一次。
先在 <think></think> 内写简短步骤。
</think> 后只输出最终公式。
<think>
","首先计算 6 + 7 = 13。最后计算 11 + 13 = 24。</think>
11 + (6 + 7)"
"2, 6, 11, 13","计算24点。
使用数字 2, 6, 11, 13，每个只能用一次。
先在 <think></think> 内写简短步骤。
</think> 后只输出最终公式。
<think>
","首先计算 2 * 6 = 12。然后计算 13 - 11 = 2。最后计算 12 * 2 = 24。</think>
(2 * 6) * (13 - 11)"
"1, 4, 8, 13, 13","计算24点。
使用数字 1, 4, 8, 13, 13，每个只能用一次。
先在 <think></think> 内写简短步骤。
</think> 后只输出最终公式。
<think>
","首先计算 1 - 4 = -3。然后计算 8 + 13 = 21。然后计算 13 - 21 = -8。最后计算 -3 * -8 = 24。</think>
(1 - 4) * (13 - (8 + 13))"
"6, 6, 6, 12","计算24点。
使用数字 6, 6, 6, 12，每个只能用一次。
先在 <think></think> 内写简短步骤。
</think> 后只输出最终公式。
<think>
","首先计算 6 + 6 = 12。然后计算 6 / 12 = 0.50。最后计算 12 / 0.50 = 24。</think>
(6 + 6) / (6 / 12)"
"1, 2, 8, 10, 11","计算24点。
使用数字 1, 2, 8, 10, 11，每个只能用一次。
先在 <think></think> 内写简短步骤。
</think> 后只输出最终公式。
<think>
","首先计算 1 + 2 = 3。然后计算 8 * 3 = 24。然后计算 11 - 10 = 1。最后计算 24 * 1 = 24。</think>
(8 * (1 + 2)) * (11 - 10)"
"1, 3, 7, 10","计算24点。
使用数字 1, 3, 7, 10，每个只能用一次。
先在 <think></think> 内写简短步骤。
</think> 后只输出最终公式。
<think>
","首先计算 1 - 3 = -2。然后计算 7 * -2 = -14。最后计算 10 - -14 = 24。</think>
10 - (7 * (1 - 3))"
"3, 4, 9, 13","计算24点。
使用数字 3, 4, 9, 13，每个只能用一次。
先在 <think></think> 内写简短步骤。
</think> 后只输出最终公式。
<think>
","首先计算 4 - 9 = -5。然后计算 13 + -5 = 8。最后计算 3 * 8 = 24。</think>
3 * (13 + (4 - 9))"
"2, 8, 8","计算24点。
使用数字 2, 8, 8，每个只能用一次。
先在 <think></think> 内写简短步骤。
</think> 后只输出最终公式。
<think>
","首先计算 2 * 8 = 16。最后计算 8 + 16 = 24。</think>
8 + (2 * 8)"
"4, 5, 11","计算24点。
使用数字 4, 5, 11，每个只能用一次。
先在 <think></think> 内写简短步骤。
</think> 后只输出最终公式。
<think>
","首先计算 11 - 5 = 6。最后计算 4 * 6 = 24。</think>
4 * (11 - 5)"
"2, 2, 5, 5","计算24点。
使用数字 2, 2, 5, 5，每个只能用一次。
先在 <think></think> 内写简短步骤。
</think> 后只输出最终公式。
<think>
","首先计算 5 * 5 = 25。然后计算 2 / 2 = 1。最后计算 25 - 1 = 24。</think>
(5 * 5) - (2 / 2)"
"1, 2, 8","计算24点。
使用数字 1, 2, 8，每个只能用一次。
先在 <think></think> 内写简短步骤。
</think> 后只输出最终公式。
<think>
","首先计算 1 + 2 = 3。最后计算 8 * 3 = 24。</think>
8 * (1 + 2)"
"2, 3, 5, 7, 11","计算24点。
使用数字 2, 3, 5, 7, 11，每个只能用一次。
先在 <think></think> 内写简短步骤。
</think> 后只输出最终公式。
<think>
","首先计算 2 + 3 = 5。然后计算 11 / 5 = 2.20。然后计算 7 - 2.20 = 4.80。最后计算 5 * 4.80 = 24。</think>
(2 + 3) * (7 - (11 / 5))"
"3, 9, 9, 9, 12","计算24点。
使用数字 3, 9, 9, 9, 12，每个只能用一次。
先在 <think></think> 内写简短步骤。
</think> 后只输出最终公式。
<think>
","首先计算 9 - 9 = 0。然后计算 3 + 9 = 12。然后计算 12 + 12 = 24。最后计算 0 + 24 = 24。</think>
(9 - 9) + (12 + (3 + 9))"
"1, 2, 7, 11","计算24点。
使用数字 1, 2, 7, 11，每个只能用一次。
先在 <think></think> 内写简短步骤。
</think> 后只输出最终公式。
<think>
","首先计算 2 * 7 = 14。然后计算 1 - 11 = -10。最后计算 14 - -10 = 24。</think>
(2 * 7) - (1 - 11)"
"10, 11, 11, 11, 12","计算24点。
使用数字 10, 11, 11, 11, 12，每个只能用一次。
先在 <think></think> 内写简短步骤。
</think> 后只输出最终公式。
<think>
","首先计算 11 / 11 = 1。然后计算 10 - 11 = -1。然后计算 1 - -1 = 2。最后计算 12 * 2 = 24。</think>
12 * ((11 / 11) - (10 - 11))"
"1, 1, 3, 13","计算24点。
使用数字 1, 1, 3, 13，每个只能用一次。
先在 <think></think> 内写简短步骤。
</think> 后只输出最终公式。
<think>
","首先计算 1 - 3 = -2。然后计算 1 - 13 = -12。最后计算 -2 * -12 = 24。</think>
(1 - 3) * (1 - 13)"
"3, 5, 6, 12","计算24点。
使用数字 3, 5, 6, 12，每个只能用一次。
先在 <think></think> 内写简短步骤。
</think> 后只输出最终公式。
<think>
","首先计算 3 + 5 = 8。然后计算 12 - 8 = 4。最后计算 6 * 4 = 24。</think>
6 * (12 - (3 + 5))"
"1, 1, 3, 4, 6","计算24点。
使用数字 1, 1, 3, 4, 6，每个只能用一次。
先在 <think></think> 内写简短步骤。
</think> 后只输出最终公式。
<think>
","首先计算 3 * 4 = 12。然后计算 1 + 1 = 2。然后计算 6 * 2 = 12。最后计算 12 + 12 = 24。</think>
(3 * 4) + (6 * (1 + 1))"
"9, 11, 11, 11","计算24点。
使用数字 9, 11, 11, 11，每个只能用一次。
先在 <think></think> 内写简短步骤。
</think> 后只输出最终公式。
<think>
","首先计算 11 + 11 = 22。然后计算 9 - 11 = -2。最后计算 22 - -2 = 24。</think>
(11 + 11) - (9 - 11)"
"3, 6, 8","计算24点。
使用数字 3, 6, 8，每个只能用一次。
先在 <think></think> 内写简短步骤。
</think> 后只输出最终公式。
<think>
","首先计算 6 - 3 = 3。最后计算 8 * 3 = 24。</think>
8 * (6 - 3)"
"7, 9, 10, 10, 13","计算24点。
使用数字 7, 9, 10, 10, 13，每个只能用一次。
先在 <think></think> 内写简短步骤。
</think> 后只输出最终公式。
<think>
","首先计算 7 - 9 = -2。然后计算 10 / 10 = 1。然后计算 1 - 13 = -12。最后计算 -2 * -12 = 24。</think>
(7 - 9) * ((10 / 10) - 13)"
"3, 5, 5, 7, 12","计算24点。
使用数字 3, 5, 5, 7, 12，每个只能用一次。
先在 <think></think> 内写简短步骤。
</think> 后只输出最终公式。
<think>
","首先计算 3 / 5 = 0.60。然后计算 7 / 5 = 1.40。然后计算 0.60 + 1.40 = 2。最后计算 12 * 2 = 24。</think>
12 * ((3 / 5) + (7 / 5))"
"1, 7, 8, 11","计算24点。
使用数字 1, 7, 8, 11，每个只能用一次。
先在 <think></think> 内写简短步骤。
</think> 后只输出最终公式。
<think>
","首先计算 1 + 7 = 8。然后计算 11 - 8 = 3。最后计算 8 * 3 = 24。</think>
(1 + 7) * (11 - 8)"
"2, 5, 6, 9, 12","计算24点。
使用数字 2, 5, 6, 9, 12，每个只能用一次。
先在 <think></think> 内写简短步骤。
</think> 后只输出最终公式。
<think>
","首先计算 2 + 5 = 7。然后计算 9 - 12 = -3。然后计算 7 + -3 = 4。最后计算 6 * 4 = 24。</think>
6 * ((2 + 5) + (9 - 12))"
"2, 10, 11, 11","计算24点。
使用数字 2, 10, 11, 11，每个只能用一次。
先在 <think></think> 内写简短步骤。
</think> 后只输出最终公式。
<think>
","首先计算 10 - 11 = -1。然后计算 11 - -1 = 12。最后计算 2 * 12 = 24。</think>
2 * (11 - (10 - 11))"
"2, 2, 6","计算24点。
使用数字 2, 2, 6，每个只能用一次。
先在 <think></think> 内写简短步骤。
</think> 后只输出最终公式。
<think>
","首先计算 2 + 2 = 4。最后计算 6 * 4 = 24。</think>
6 * (2 + 2)"
"2, 2, 13","计算24点。
使用数字 2, 2, 13，每个只能用一次。
先在 <think></think> 内写简短步骤。
</think> 后只输出最终公式。
<think>
","首先计算 2 * 13 = 26。最后计算 26 - 2 = 24。</think>
(2 * 13) - 2"
"3, 3, 7, 11","计算24点。
使用数字 3, 3, 7, 11，每个只能用一次。
先在 <think></think> 内写简短步骤。
</think> 后只输出最终公式。
<think>
","首先计算 3 + 3 = 6。然后计算 7 + 11 = 18。最后计算 6 + 18 = 24。</think>
(3 + 3) + (7 + 11)"
"6, 8, 9","计算24点。
使用数字 6, 8, 9，每个只能用一次。
先在 <think></think> 内写简短步骤。
</think> 后只输出最终公式。
<think>
","首先计算 9 - 6 = 3。最后计算 8 * 3 = 24。</think>
8 * (9 - 6)"
"2, 6, 7, 9, 11","计算24点。
使用数字 2, 6, 7, 9, 11，每个只能用一次。
先在 <think></think> 内写简短步骤。
</think> 后只输出最终公式。
<think>
","首先计算 2 - 6 = -4。然后计算 7 + -4 = 3。然后计算 11 * 3 = 33。最后计算 33 - 9 = 24。</think>
(11 * (7 + (2 - 6))) - 9"
"2, 5, 8","计算24点。
使用数字 2, 5, 8，每个只能用一次。
先在 <think></think> 内写简短步骤。
</think> 后只输出最终公式。
<think>
","首先计算 5 - 2 = 3。最后计算 8 * 3 = 24。</think>
8 * (5 - 2)"
"2, 4, 4, 7, 9","计算24点。
使用数字 2, 4, 4, 7, 9，每个只能用一次。
先在 <think></think> 内写简短步骤。
</think> 后只输出最终公式。
<think>
","首先计算 7 + 9 = 16。然后计算 2 + 4 = 6。然后计算 4 / 6 = 0.67。最后计算 16 / 0.67 = 24。</think>
(7 + 9) / (4 / (2 + 4))"
"4, 7, 9, 10","计算24点。
使用数字 4, 7, 9, 10，每个只能用一次。
先在 <think></think> 内写简短步骤。
</think> 后只输出最终公式。
<think>
","首先计算 4 * 10 = 40。然后计算 7 + 9 = 16。最后计算 40 - 16 = 24。</think>
(4 * 10) - (7 + 9)"
"4, 8, 8","计算24点。
使用数字 4, 8, 8，每个只能用一次。
先在 <think></think> 内写简短步骤。
</think> 后只输出最终公式。
<think>
","首先计算 4 * 8 = 32。最后计算 32 - 8 = 24。</think>
(4 * 8) - 8"
"1, 5, 5, 7, 12","计算24点。
使用数字 1, 5, 5, 7, 12，每个只能用一次。
先在 <think></think> 内写简短步骤。
</think> 后只输出最终公式。
<think>
","首先计算 5 + 7 = 12。然后计算 1 + 5 = 6。然后计算 12 / 6 = 2。最后计算 12 * 2 = 24。</think>
(5 + 7) * (12 / (1 + 5))"
"5, 8, 10, 12","计算24点。
使用数字 5, 8, 10, 12，每个只能用一次。
先在 <think></think> 内写简短步骤。
</think> 后只输出最终公式。
<think>
","首先计算 5 + 10 = 15。然后计算 15 - 12 = 3。最后计算 8 * 3 = 24。</think>
8 * ((5 + 10) - 12)"
"1, 1, 2, 13","计算24点。
使用数字 1, 1, 2, 13，每个只能用一次。
先在 <think></think> 内写简短步骤。
</think> 后只输出最终公式。
<think>
","首先计算 2 * 13 = 26。然后计算 1 + 1 = 2。最后计算 26 - 2 = 24。</think>
(2 * 13) - (1 + 1)"
"8, 8, 8","计算24点。
使用数字 8, 8, 8，每个只能用一次。
先在 <think></think> 内写简短步骤。
</think> 后只输出最终公式。
<think>
","首先计算 8 + 8 = 16。最后计算 8 + 16 = 24。</think>
8 + (8 + 8)"
"3, 3, 11","计算24点。
使用数字 3, 3, 11，每个只能用一次。
先在 <think></think> 内写简短步骤。
</think> 后只输出最终公式。
<think>
","首先计算 11 - 3 = 8。最后计算 3 * 8 = 24。</think>
3 * (11 - 3)"
"1, 4, 8, 10, 11","计算24点。
使用数字 1, 4, 8, 10, 11，每个只能用一次。
先在 <think></think> 内写简短步骤。
</think> 后只输出最终公式。
<think>
","首先计算 8 + 10 = 18。然后计算 1 + 4 = 5。然后计算 11 - 5 = 6。最后计算 18 + 6 = 24。</think>
(8 + 10) + (11 - (1 + 4))"
"7, 7, 10, 13","计算24点。
使用数字 7, 7, 10, 13，每个只能用一次。
先在 <think></think> 内写简短步骤。
</think> 后只输出最终公式。
<think>
","首先计算 7 / 7 = 1。然后计算 10 + 13 = 23。最后计算 1 + 23 = 24。</think>
(7 / 7) + (10 + 13)"
"1, 8, 9, 11, 11","计算24点。
使用数字 1, 8, 9, 11, 11，每个只能用一次。
先在 <think></think> 内写简短步骤。
</think> 后只输出最终公式。
<think>
","首先计算 9 + 11 = 20。然后计算 1 - 8 = -7。然后计算 11 + -7 = 4。最后计算 20 + 4 = 24。</think>
(9 + 11) + (11 + (1 - 8))"
"2, 7, 10, 12, 12","计算24点。
使用数字 2, 7, 10, 12, 12，每个只能用一次。
先在 <think></think> 内写简短步骤。
</think> 后只输出最终公式。
<think>
","首先计算 2 + 7 = 9。然后计算 10 - 9 = 1。然后计算 12 + 12 = 24。最后计算 1 * 24 = 24。</think>
(10 - (2 + 7)) * (12 + 12)"
"5, 5, 6, 8, 9","计算24点。
使用数字 5, 5, 6, 8, 9，每个只能用一次。
先在 <think></think> 内写简短步骤。
</think> 后只输出最终公式。
<think>
","首先计算 5 + 5 = 10。然后计算 8 - 10 = -2。然后计算 9 * -2 = -18。最后计算 6 - -18 = 24。</think>
6 - (9 * (8 - (5 + 5)))"
"4, 4, 5, 6","计算24点。
使用数字 4, 4, 5, 6，每个只能用一次。
先在 <think></think> 内写简短步骤。
</think> 后只输出最终公式。
<think>
","首先计算 4 / 4 = 1。然后计算 5 - 1 = 4。最后计算 6 * 4 = 24。</think>
6 * (5 - (4 / 4))"
"1, 2, 2, 4","计算24点。
使用数字 1, 2, 2, 4，每个只能用一次。
先在 <think></think> 内写简短步骤。
</think> 后只输出最终公式。
<think>
","首先计算 1 + 2 = 3。然后计算 2 * 4 = 8。最后计算 3 * 8 = 24。</think>
(1 + 2) * (2 * 4)"
"1, 2, 11","计算24点。
使用数字 1, 2, 11，每个只能用一次。
先在 <think></think> 内写简短步骤。
</think> 后只输出最终公式。
<think>
","首先计算 1 + 11 = 12。最后计算 2 * 12 = 24。</think>
2 * (1 + 11)"
"2, 3, 12, 12, 12","计算24点。
使用数字 2, 3, 12, 12, 12，每个只能用一次。
先在 <think></think> 内写简短步骤。
</think> 后只输出最终公式。
<think>
","首先计算 12 / 12 = 1。然后计算 2 - 3 = -1。然后计算 1 - -1 = 2。最后计算 12 * 2 = 24。</think>
12 * ((12 / 12) - (2 - 3))"
"7, 11, 12, 13, 13","计算24点。
使用数字 7, 11, 12, 13, 13，每个只能用一次。
先在 <think></think> 内写简短步骤。
</think> 后只输出最终公式。
<think>
","首先计算 7 - 13 = -6。然后计算 11 - 13 = -2。然后计算 -6 * -2 = 12。最后计算 12 + 12 = 24。</think>
12 + ((7 - 13) * (11 - 13))"
"3, 5, 13","计算24点。
使用数字 3, 5, 13，每个只能用一次。
先在 <think></think> 内写简短步骤。
</think> 后只输出最终公式。
<think>
","首先计算 13 - 5 = 8。最后计算 3 * 8 = 24。</think>
3 * (13 - 5)"
"2, 3, 8, 9, 11","计算24点。
使用数字 2, 3, 8, 9, 11，每个只能用一次。
先在 <think></think> 内写简短步骤。
</think> 后只输出最终公式。
<think>
","首先计算 2 + 3 = 5。然后计算 8 - 11 = -3。然后计算 5 * -3 = -15。最后计算 9 - -15 = 24。</think>
9 - ((2 + 3) * (8 - 11))"
"5, 7, 10, 12","计算24点。
使用数字 5, 7, 10, 12，每个只能用一次。
先在 <think></think> 内写简短步骤。
</think> 后只输出最终公式。
<think>
","首先计算 5 + 7 = 12。然后计算 12 - 10 = 2。最后计算 12 * 2 = 24。</think>
(5 + 7) * (12 - 10)"
"1, 5, 6, 7, 13","计算24点。
使用数字 1, 5, 6, 7, 13，每个只能用一次。
先在 <think></think> 内写简短步骤。
</think> 后只输出最终公式。
<think>
","首先计算 6 * 7 = 42。然后计算 1 * 5 = 5。然后计算 13 + 5 = 18。最后计算 42 - 18 = 24。</think>
(6 * 7) - (13 + (1 * 5))"
"4, 4, 4, 11","计算24点。
使用数字 4, 4, 4, 11，每个只能用一次。
先在 <think></think> 内写简短步骤。
</think> 后只输出最终公式。
<think>
","首先计算 11 - 4 = 7。然后计算 4 * 7 = 28。最后计算 28 - 4 = 24。</think>
(4 * (11 - 4)) - 4"
"4, 7, 8, 9, 9","计算24点。
使用数字 4, 7, 8, 9, 9，每个只能用一次。
先在 <think></think> 内写简短步骤。
</think> 后只输出最终公式。
<think>
","首先计算 4 - 7 = -3。然后计算 8 + 9 = 17。然后计算 9 - 17 = -8。最后计算 -3 * -8 = 24。</think>
(4 - 7) * (9 - (8 + 9))"
"8, 8, 8, 8, 10","计算24点。
使用数字 8, 8, 8, 8, 10，每个只能用一次。
先在 <think></think> 内写简短步骤。
</think> 后只输出最终公式。
<think>
","首先计算 8 + 8 = 16。然后计算 10 - 8 = 2。然后计算 16 * 2 = 32。最后计算 32 - 8 = 24。</think>
((8 + 8) * (10 - 8)) - 8"
"1, 1, 3, 3, 4","计算24点。
使用数字 1, 1, 3, 3, 4，每个只能用一次。
先在 <think></think> 内写简短步骤。
</think> 后只输出最终公式。
<think>
","首先计算 3 + 3 = 6。然后计算 1 - 1 = 0。然后计算 4 + 0 = 4。最后计算 6 * 4 = 24。</think>
(3 + 3) * (4 + (1 - 1))"
"5, 7, 8, 8, 12","计算24点。
使用数字 5, 7, 8, 8, 12，每个只能用一次。
先在 <think></think> 内写简短步骤。
</think> 后只输出最终公式。
<think>
","首先计算 8 - 8 = 0。然后计算 5 + 7 = 12。然后计算 12 + 12 = 24。最后计算 0 + 24 = 24。</think>
(8 - 8) + (12 + (5 + 7))"
"2, 5, 7","计算24点。
使用数字 2, 5, 7，每个只能用一次。
先在 <think></think> 内写简短步骤。
</think> 后只输出最终公式。
<think>
","首先计算 5 + 7 = 12。最后计算 2 * 12 = 24。</think>
2 * (5 + 7)"
"8, 8, 9, 11, 11","计算24点。
使用数字 8, 8, 9, 11, 11，每个只能用一次。
先在 <think></think> 内写简短步骤。
</think> 后只输出最终公式。
<think>
","首先计算 8 + 8 = 16。然后计算 9 + 16 = 25。然后计算 11 / 11 = 1。最后计算 25 - 1 = 24。</think>
(9 + (8 + 8)) - (11 / 11)"
"1, 2, 8, 10, 13","计算24点。
使用数字 1, 2, 8, 10, 13，每个只能用一次。
先在 <think></think> 内写简短步骤。
</think> 后只输出最终公式。
<think>
","首先计算 1 - 2 = -1。然后计算 8 * -1 = -8。然后计算 10 - 13 = -3。最后计算 -8 * -3 = 24。</think>
(8 * (1 - 2)) * (10 - 13)"
"4, 5, 6, 9","计算24点。
使用数字 4, 5, 6, 9，每个只能用一次。
先在 <think></think> 内写简短步骤。
</think> 后只输出最终公式。
<think>
","首先计算 4 + 5 = 9。然后计算 6 + 9 = 15。最后计算 9 + 15 = 24。</think>
(4 + 5) + (6 + 9)"
"1, 2, 6, 12","计算24点。
使用数字 1, 2, 6, 12，每个只能用一次。
先在 <think></think> 内写简短步骤。
</think> 后只输出最终公式。
<think>
","首先计算 6 * 12 = 72。然后计算 1 + 2 = 3。最后计算 72 / 3 = 24。</think>
(6 * 12) / (1 + 2)"
"4, 4, 10, 12","计算24点。
使用数字 4, 4, 10, 12，每个只能用一次。
先在 <think></think> 内写简短步骤。
</think> 后只输出最终公式。
<think>
","首先计算 4 + 4 = 8。然后计算 10 - 8 = 2。最后计算 12 * 2 = 24。</think>
12 * (10 - (4 + 4))"
"3, 4, 4","计算24点。
使用数字 3, 4, 4，每个只能用一次。
先在 <think></think> 内写简短步骤。
</think> 后只输出最终公式。
<think>
","首先计算 4 + 4 = 8。最后计算 3 * 8 = 24。</think>
3 * (4 + 4)"
"1, 2, 2, 4, 4","计算24点。
使用数字 1, 2, 2, 4, 4，每个只能用一次。
先在 <think></think> 内写简短步骤。
</think> 后只输出最终公式。
<think>
","首先计算 1 + 2 = 3。然后计算 4 * 3 = 12。然后计算 2 / 4 = 0.50。最后计算 12 / 0.50 = 24。</think>
(4 * (1 + 2)) / (2 / 4)"
"2, 9, 10, 10","计算24点。
使用数字 2, 9, 10, 10，每个只能用一次。
先在 <think></think> 内写简短步骤。
</think> 后只输出最终公式。
<think>
","首先计算 9 + 10 = 19。然后计算 10 / 2 = 5。最后计算 19 + 5 = 24。</think>
(9 + 10) + (10 / 2)"
"1, 5, 10, 11, 13","计算24点。
使用数字 1, 5, 10, 11, 13，每个只能用一次。
先在 <think></think> 内写简短步骤。
</think> 后只输出最终公式。
<think>
","首先计算 13 - 11 = 2。然后计算 10 * 2 = 20。然后计算 1 - 5 = -4。最后计算 20 - -4 = 24。</think>
(10 * (13 - 11)) - (1 - 5)"
"1, 4, 7, 9","计算24点。
使用数字 1, 4, 7, 9，每个只能用一次。
先在 <think></think> 内写简短步骤。
</think> 后只输出最终公式。
<think>
","首先计算 1 - 9 = -8。然后计算 4 - 7 = -3。最后计算 -8 * -3 = 24。</think>
(1 - 9) * (4 - 7)"
"3, 3, 3, 4, 8","计算24点。
使用数字 3, 3, 3, 4, 8，每个只能用一次。
先在 <think></think> 内写简短步骤。
</think> 后只输出最终公式。
<think>
","首先计算 3 * 4 = 12。然后计算 3 + 3 = 6。然后计算 8 - 6 = 2。最后计算 12 * 2 = 24。</think>
(3 * 4) * (8 - (3 + 3))"
"4, 6, 7, 7, 9","计算24点。
使用数字 4, 6, 7, 7, 9，每个只能用一次。
先在 <think></think> 内写简短步骤。
</think> 后只输出最终公式。
<think>
","首先计算 4 + 6 = 10。然后计算 7 - 9 = -2。然后计算 7 * -2 = -14。最后计算 10 - -14 = 24。</think>
(4 + 6) - (7 * (7 - 9))"
"3, 7, 9, 11","计算24点。
使用数字 3, 7, 9, 11，每个只能用一次。
先在 <think></think> 内写简短步骤。
</think> 后只输出最终公式。
<think>
","首先计算 9 + 11 = 20。然后计算 3 - 7 = -4。最后计算 20 - -4 = 24。</think>
(9 + 11) - (3 - 7)"
"4, 5, 5, 5, 5","计算24点。
使用数字 4, 5, 5, 5, 5，每个只能用一次。
先在 <think></think> 内写简短步骤。
</think> 后只输出最终公式。
<think>
","首先计算 5 + 5 = 10。然后计算 4 + 5 = 9。然后计算 5 + 9 = 14。最后计算 10 + 14 = 24。</think>
(5 + 5) + (5 + (4 + 5))"
"5, 5, 6, 9, 11","计算24点。
使用数字 5, 5, 6, 9, 11，每个只能用一次。
先在 <think></think> 内写简短步骤。
</think> 后只输出最终公式。
<think>
","首先计算 5 + 5 = 10。然后计算 11 + 10 = 21。然后计算 6 - 9 = -3。最后计算 21 - -3 = 24。</think>
(11 + (5 + 5)) - (6 - 9)"
"2, 10, 12","计算24点。
使用数字 2, 10, 12，每个只能用一次。
先在 <think></think> 内写简短步骤。
</think> 后只输出最终公式。
<think>
","首先计算 2 + 10 = 12。最后计算 12 + 12 = 24。</think>
12 + (2 + 10)"
"4, 5, 6, 8","计算24点。
使用数字 4, 5, 6, 8，每个只能用一次。
先在 <think></think> 内写简短步骤。
</think> 后只输出最终公式。
<think>
","首先计算 4 + 5 = 9。然后计算 9 - 6 = 3。最后计算 8 * 3 = 24。</think>
8 * ((4 + 5) - 6)"
"2, 3, 4","计算24点。
使用数字 2, 3, 4，每个只能用一次。
先在 <think></think> 内写简短步骤。
</think> 后只输出最终公式。
<think>
","首先计算 2 * 3 = 6。最后计算 4 * 6 = 24。</think>
4 * (2 * 3)"
"2, 3, 5, 7, 12","计算24点。
使用数字 2, 3, 5, 7, 12，每个只能用一次。
先在 <think></think> 内写简短步骤。
</think> 后只输出最终公式。
<think>
","首先计算 5 + 7 = 12。然后计算 2 - 3 = -1。然后计算 12 * -1 = -12。最后计算 12 - -12 = 24。</think>
(5 + 7) - (12 * (2 - 3))"
"1, 3, 4, 4, 10","计算24点。
使用数字 1, 3, 4, 4, 10，每个只能用一次。
先在 <think></think> 内写简短步骤。
</think> 后只输出最终公式。
<think>
","首先计算 1 + 3 = 4。然后计算 10 * 4 = 40。然后计算 4 * 4 = 16。最后计算 40 - 16 = 24。</think>
(10 * (1 + 3)) - (4 * 4)"
"1, 7, 8, 8, 8","计算24点。
使用数字 1, 7, 8, 8, 8，每个只能用一次。
先在 <think></think> 内写简短步骤。
</think> 后只输出最终公式。
<think>
","首先计算 1 - 7 = -6。然后计算 8 + -6 = 2。然后计算 8 * 2 = 16。最后计算 8 + 16 = 24。</think>
8 + (8 * (8 + (1 - 7)))"
"2, 3, 9, 13","计算24点。
使用数字 2, 3, 9, 13，每个只能用一次。
先在 <think></think> 内写简短步骤。
</think> 后只输出最终公式。
<think>
","首先计算 2 * 3 = 6。然后计算 13 - 9 = 4。最后计算 6 * 4 = 24。</think>
(2 * 3) * (13 - 9)"
"2, 9, 11, 11, 11","计算24点。
使用数字 2, 9, 11, 11, 11，每个只能用一次。
先在 <think></think> 内写简短步骤。
</think> 后只输出最终公式。
<think>
","首先计算 2 / 11 = 0.18。然后计算 9 - 11 = -2。然后计算 0.18 - -2 = 2.18。最后计算 11 * 2.18 = 24。</think>
11 * ((2 / 11) - (9 - 11))"
"3, 3, 3, 3","计算24点。
使用数字 3, 3, 3, 3，每个只能用一次。
先在 <think></think> 内写简短步骤。
</think> 后只输出最终公式。
<think>
","首先计算 3 * 3 = 9。然后计算 3 * 9 = 27。最后计算 27 - 3 = 24。</think>
(3 * (3 * 3)) - 3"
"4, 6, 12, 12","计算24点。
使用数字 4, 6, 12, 12，每个只能用一次。
先在 <think></think> 内写简短步骤。
</think> 后只输出最终公式。
<think>
","首先计算 4 + 6 = 10。然后计算 12 - 10 = 2。最后计算 12 * 2 = 24。</think>
12 * (12 - (4 + 6))"
"4, 9, 11","计算24点。
使用数字 4, 9, 11，每个只能用一次。
先在 <think></think> 内写简短步骤。
</think> 后只输出最终公式。
<think>
","首先计算 4 + 9 = 13。最后计算 11 + 13 = 24。</think>
11 + (4 + 9)"
"3, 3, 8, 9","计算24点。
使用数字 3, 3, 8, 9，每个只能用一次。
先在 <think></think> 内写简短步骤。
</think> 后只输出最终公式。
<think>
","首先计算 3 + 3 = 6。然后计算 9 - 6 = 3。最后计算 8 * 3 = 24。</think>
8 * (9 - (3 + 3))"
"2, 6, 6, 9","计算24点。
使用数字 2, 6, 6, 9，每个只能用一次。
先在 <think></think> 内写简短步骤。
</think> 后只输出最终公式。
<think>
","首先计算 2 + 6 = 8。然后计算 9 - 6 = 3。最后计算 8 * 3 = 24。</think>
(2 + 6) * (9 - 6)"
"3, 9, 12, 12, 13","计算24点。
使用数字 3, 9, 12, 12, 13，每个只能用一次。
先在 <think></think> 内写简短步骤。
</think> 后只输出最终公式。
<think>
","首先计算 12 + 12 = 24。然后计算 3 + 9 = 12。然后计算 13 - 12 = 1。最后计算 24 * 1 = 24。</think>
(12 + 12) * (13 - (3 + 9))"
"2, 5, 8, 8, 10","计算24点。
使用数字 2, 5, 8, 8, 10，每个只能用一次。
先在 <think></think> 内写简短步骤。
</think> 后只输出最终公式。
<think>
","首先计算 8 * 10 = 80。然后计算 2 + 5 = 7。然后计算 8 * 7 = 56。最后计算 80 - 56 = 24。</think>
(8 * 10) - (8 * (2 + 5))"
"3, 7, 7, 10","计算24点。
使用数字 3, 7, 7, 10，每个只能用一次。
先在 <think></think> 内写简短步骤。
</think> 后只输出最终公式。
<think>
","首先计算 3 * 7 = 21。然后计算 7 - 10 = -3。最后计算 21 - -3 = 24。</think>
(3 * 7) - (7 - 10)"
"2, 7, 9, 13","计算24点。
使用数字 2, 7, 9, 13，每个只能用一次。
先在 <think></think> 内写简短步骤。
</think> 后只输出最终公式。
<think>
","首先计算 2 * 9 = 18。然后计算 7 - 13 = -6。最后计算 18 - -6 = 24。</think>
(2 * 9) - (7 - 13)"
"2, 3, 6, 6, 10","计算24点。
使用数字 2, 3, 6, 6, 10，每个只能用一次。
先在 <think></think> 内写简短步骤。
</think> 后只输出最终公式。
<think>
","首先计算 6 + 6 = 12。然后计算 2 + 3 = 5。然后计算 10 / 5 = 2。最后计算 12 * 2 = 24。</think>
(6 + 6) * (10 / (2 + 3))"
"5, 6, 13, 13","计算24点。
使用数字 5, 6, 13, 13，每个只能用一次。
先在 <think></think> 内写简短步骤。
</think> 后只输出最终公式。
<think>
","首先计算 13 / 13 = 1。然后计算 5 - 1 = 4。最后计算 6 * 4 = 24。</think>
6 * (5 - (13 / 13))"
"2, 5, 11, 12","计算24点。
使用数字 2, 5, 11, 12，每个只能用一次。
先在 <think></think> 内写简短步骤。
</think> 后只输出最终公式。
<think>
","首先计算 5 - 11 = -6。然后计算 2 * -6 = -12。最后计算 12 - -12 = 24。</think>
12 - (2 * (5 - 11))"
"5, 6, 10, 10","计算24点。
使用数字 5, 6, 10, 10，每个只能用一次。
先在 <think></think> 内写简短步骤。
</think> 后只输出最终公式。
<think>
","首先计算 10 + 10 = 20。然后计算 5 / 6 = 0.83。最后计算 20 / 0.83 = 24。</think>
(10 + 10) / (5 / 6)"
"1, 2, 2, 12","计算24点。
使用数字 1, 2, 2, 12，每个只能用一次。
先在 <think></think> 内写简短步骤。
</think> 后只输出最终公式。
<think>
","首先计算 1 + 12 = 13。然后计算 2 * 13 = 26。最后计算 26 - 2 = 24。</think>
(2 * (1 + 12)) - 2"
"4, 7, 11, 11, 12","计算24点。
使用数字 4, 7, 11, 11, 12，每个只能用一次。
先在 <think></think> 内写简短步骤。
</think> 后只输出最终公式。
<think>
","首先计算 11 + 11 = 22。然后计算 4 + 7 = 11。然后计算 12 / 11 = 1.09。最后计算 22 * 1.09 = 24。</think>
(11 + 11) * (12 / (4 + 7))"
"3, 3, 3, 7","计算24点。
使用数字 3, 3, 3, 7，每个只能用一次。
先在 <think></think> 内写简短步骤。
</think> 后只输出最终公式。
<think>
","首先计算 3 + 3 = 6。然后计算 7 - 3 = 4。最后计算 6 * 4 = 24。</think>
(3 + 3) * (7 - 3)"
"2, 2, 3, 7, 8","计算24点。
使用数字 2, 2, 3, 7, 8，每个只能用一次。
先在 <think></think> 内写简短步骤。
</think> 后只输出最终公式。
<think>
","首先计算 2 + 2 = 4。然后计算 3 - 7 = -4。然后计算 4 * -4 = -16。最后计算 8 - -16 = 24。</think>
8 - ((2 + 2) * (3 - 7))"
"1, 3, 7, 8, 13","计算24点。
使用数字 1, 3, 7, 8, 13，每个只能用一次。
先在 <think></think> 内写简短步骤。
</think> 后只输出最终公式。
<think>
","首先计算 7 + 8 = 15。然后计算 1 + 3 = 4。然后计算 13 - 4 = 9。最后计算 15 + 9 = 24。</think>
(7 + 8) + (13 - (1 + 3))"
"2, 8, 9, 9","计算24点。
使用数字 2, 8, 9, 9，每个只能用一次。
先在 <think></think> 内写简短步骤。
</think> 后只输出最终公式。
<think>
","首先计算 9 + 9 = 18。然后计算 2 - 8 = -6。最后计算 18 - -6 = 24。</think>
(9 + 9) - (2 - 8)"
"8, 8, 11","计算24点。
使用数字 8, 8, 11，每个只能用一次。
先在 <think></think> 内写简短步骤。
</think> 后只输出最终公式。
<think>
","首先计算 11 - 8 = 3。最后计算 8 * 3 = 24。</think>
8 * (11 - 8)"
"6, 6, 12","计算24点。
使用数字 6, 6, 12，每个只能用一次。
先在 <think></think> 内写简短步骤。
</think> 后只输出最终公式。
<think>
","首先计算 6 + 6 = 12。最后计算 12 + 12 = 24。</think>
12 + (6 + 6)"
"3, 4, 7, 8","计算24点。
使用数字 3, 4, 7, 8，每个只能用一次。
先在 <think></think> 内写简短步骤。
</think> 后只输出最终公式。
<think>
","首先计算 3 - 7 = -4。然后计算 4 * -4 = -16。最后计算 8 - -16 = 24。</think>
8 - (4 * (3 - 7))"
"4, 7, 9, 10, 10","计算24点。
使用数字 4, 7, 9, 10, 10，每个只能用一次。
先在 <think></think> 内写简短步骤。
</think> 后只输出最终公式。
<think>
","首先计算 4 - 7 = -3。然后计算 10 / 10 = 1。然后计算 1 - 9 = -8。最后计算 -3 * -8 = 24。</think>
(4 - 7) * ((10 / 10) - 9)"
"2, 4, 10, 11","计算24点。
使用数字 2, 4, 10, 11，每个只能用一次。
先在 <think></think> 内写简短步骤。
</think> 后只输出最终公式。
<think>
","首先计算 4 * 11 = 44。然后计算 2 * 10 = 20。最后计算 44 - 20 = 24。</think>
(4 * 11) - (2 * 10)"
"6, 8, 8, 8, 10","计算24点。
使用数字 6, 8, 8, 8, 10，每个只能用一次。
先在 <think></think> 内写简短步骤。
</think> 后只输出最终公式。
<think>
","首先计算 8 - 8 = 0。然后计算 6 + 8 = 14。然后计算 10 + 14 = 24。最后计算 0 + 24 = 24。</think>
(8 - 8) + (10 + (6 + 8))"
"2, 2, 3, 4","计算24点。
使用数字 2, 2, 3, 4，每个只能用一次。
先在 <think></think> 内写简短步骤。
</think> 后只输出最终公式。
<think>
","首先计算 2 + 2 = 4。然后计算 4 + 4 = 8。最后计算 3 * 8 = 24。</think>
3 * (4 + (2 + 2))"
"2, 2, 2, 12","计算24点。
使用数字 2, 2, 2, 12，每个只能用一次。
先在 <think></think> 内写简短步骤。
</think> 后只输出最终公式。
<think>
","首先计算 2 + 2 = 4。然后计算 2 / 12 = 0.17。最后计算 4 / 0.17 = 24。</think>
(2 + 2) / (2 / 12)"
"3, 3, 4, 9","计算24点。
使用数字 3, 3, 4, 9，每个只能用一次。
先在 <think></think> 内写简短步骤。
</think> 后只输出最终公式。
<think>
","首先计算 3 - 4 = -1。然后计算 9 + -1 = 8。最后计算 3 * 8 = 24。</think>
3 * (9 + (3 - 4))"
"5, 8, 10, 10, 10","计算24点。
使用数字 5, 8, 10, 10, 10，每个只能用一次。
先在 <think></think> 内写简短步骤。
</think> 后只输出最终公式。
<think>
","首先计算 10 / 10 = 1。然后计算 5 + 8 = 13。然后计算 10 + 13 = 23。最后计算 1 + 23 = 24。</think>
(10 / 10) + (10 + (5 + 8))"
"7, 8, 8, 11, 12","计算24点。
使用数字 7, 8, 8, 11, 12，每个只能用一次。
先在 <think></think> 内写简短步骤。
</think> 后只输出最终公式。
<think>
","首先计算 8 - 11 = -3。然后计算 7 + 8 = 15。然后计算 12 + 15 = 27。最后计算 -3 + 27 = 24。</think>
(8 - 11) + (12 + (7 + 8))"
"3, 8, 9","计算24点。
使用数字 3, 8, 9，每个只能用一次。
先在 <think></think> 内写简短步骤。
</think> 后只输出最终公式。
<think>
","首先计算 3 / 8 = 0.38。最后计算 9 / 0.38 = 24。</think>
9 / (3 / 8)"
"5, 5, 8, 9, 12","计算24点。
使用数字 5, 5, 8, 9, 12，每个只能用一次。
先在 <think></think> 内写简短步骤。
</think> 后只输出最终公式。
<think>
","首先计算 5 + 5 = 10。然后计算 8 / 12 = 0.67。然后计算 10 / 0.67 = 15。最后计算 9 + 15 = 24。</think>
9 + ((5 + 5) / (8 / 12))"
"1, 3, 3, 11","计算24点。
使用数字 1, 3, 3, 11，每个只能用一次。
先在 <think></think> 内写简短步骤。
</think> 后只输出最终公式。
<think>
","首先计算 1 * 3 = 3。然后计算 11 - 3 = 8。最后计算 3 * 8 = 24。</think>
(1 * 3) * (11 - 3)"
"2, 4, 12","计算24点。
使用数字 2, 4, 12，每个只能用一次。
先在 <think></think> 内写简短步骤。
</think> 后只输出最终公式。
<think>
","首先计算 2 / 4 = 0.50。最后计算 12 / 0.50 = 24。</think>
12 / (2 / 4)"
"1, 3, 8, 9, 12","计算24点。
使用数字 1, 3, 8, 9, 12，每个只能用一次。
先在 <think></think> 内写简短步骤。
</think> 后只输出最终公式。
<think>
","首先计算 8 * 9 = 72。然后计算 1 + 3 = 4。然后计算 12 * 4 = 48。最后计算 72 - 48 = 24。</think>
(8 * 9) - (12 * (1 + 3))"
"1, 3, 6","计算24点。
使用数字 1, 3, 6，每个只能用一次。
先在 <think></think> 内写简短步骤。
</think> 后只输出最终公式。
<think>
","首先计算 1 + 3 = 4。最后计算 6 * 4 = 24。</think>
6 * (1 + 3)"
"4, 4, 4, 8, 10","计算24点。
使用数字 4, 4, 4, 8, 10，每个只能用一次。
先在 <think></think> 内写简短步骤。
</think> 后只输出最终公式。
<think>
","首先计算 4 + 8 = 12。然后计算 4 + 4 = 8。然后计算 10 - 8 = 2。最后计算 12 * 2 = 24。</think>
(4 + 8) * (10 - (4 + 4))"
"4, 4, 12, 13, 13","计算24点。
使用数字 4, 4, 12, 13, 13，每个只能用一次。
先在 <think></think> 内写简短步骤。
</think> 后只输出最终公式。
<think>
","首先计算 4 / 4 = 1。然后计算 13 / 13 = 1。然后计算 1 + 1 = 2。最后计算 12 * 2 = 24。</think>
12 * ((4 / 4) + (13 / 13))"
"5, 7, 11","计算24点。
使用数字 5, 7, 11，每个只能用一次。
先在 <think></think> 内写简短步骤。
</think> 后只输出最终公式。
<think>
","首先计算 5 * 7 = 35。最后计算 35 - 11 = 24。</think>
(5 * 7) - 11"
"2, 3, 6, 6, 8","计算24点。
使用数字 2, 3, 6, 6, 8，每个只能用一次。
先在 <think></think> 内写简短步骤。
</think> 后只输出最终公式。
<think>
","首先计算 2 + 3 = 5。然后计算 8 - 5 = 3。然后计算 6 * 3 = 18。最后计算 6 + 18 = 24。</think>
6 + (6 * (8 - (2 + 3)))"
"3, 7, 7, 9","计算24点。
使用数字 3, 7, 7, 9，每个只能用一次。
先在 <think></think> 内写简短步骤。
</think> 后只输出最终公式。
<think>
","首先计算 7 / 7 = 1。然后计算 9 - 1 = 8。最后计算 3 * 8 = 24。</think>
3 * (9 - (7 / 7))"
"4, 9, 12","计算24点。
使用数字 4, 9, 12，每个只能用一次。
先在 <think></think> 内写简短步骤。
</think> 后只输出最终公式。
<think>
","首先计算 4 * 9 = 36。最后计算 36 - 12 = 24。</think>
(4 * 9) - 12"
"8, 9, 9, 12","计算24点。
使用数字 8, 9, 9, 12，每个只能用一次。
先在 <think></think> 内写简短步骤。
</think> 后只输出最终公式。
<think>
","首先计算 8 * 9 = 72。然后计算 12 - 9 = 3。最后计算 72 / 3 = 24。</think>
(8 * 9) / (12 - 9)"
"2, 4, 11, 11, 12","计算24点。
使用数字 2, 4, 11, 11, 12，每个只能用一次。
先在 <think></think> 内写简短步骤。
</think> 后只输出最终公式。
<think>
","首先计算 11 + 11 = 22。然后计算 2 + 4 = 6。然后计算 12 / 6 = 2。最后计算 22 + 2 = 24。</think>
(11 + 11) + (12 / (2 + 4))"
"3, 3, 5","计算24点。
使用数字 3, 3, 5，每个只能用一次。
先在 <think></think> 内写简短步骤。
</think> 后只输出最终公式。
<think>
","首先计算 3 + 5 = 8。最后计算 3 * 8 = 24。</think>
3 * (3 + 5)"
"2, 6, 9, 9","计算24点。
使用数字 2, 6, 9, 9，每个只能用一次。
先在 <think></think> 内写简短步骤。
</think> 后只输出最终公式。
<think>
","首先计算 6 - 9 = -3。然后计算 9 - -3 = 12。最后计算 2 * 12 = 24。</think>
2 * (9 - (6 - 9))"
"1, 2, 8, 11, 12","计算24点。
使用数字 1, 2, 8, 11, 12，每个只能用一次。
先在 <think></think> 内写简短步骤。
</think> 后只输出最终公式。
<think>
","首先计算 1 + 2 = 3。然后计算 8 * 3 = 24。然后计算 12 - 11 = 1。最后计算 24 * 1 = 24。</think>
(8 * (1 + 2)) * (12 - 11)"
"1, 2, 6, 9","计算24点。
使用数字 1, 2, 6, 9，每个只能用一次。
先在 <think></think> 内写简短步骤。
</think> 后只输出最终公式。
<think>
","首先计算 1 * 2 = 2。然后计算 9 * 2 = 18。最后计算 6 + 18 = 24。</think>
6 + (9 * (1 * 2))"
"1, 12, 12","计算24点。
使用数字 1, 12, 12，每个只能用一次。
先在 <think></think> 内写简短步骤。
</think> 后只输出最终公式。
<think>
","首先计算 1 * 12 = 12。最后计算 12 + 12 = 24。</think>
12 + (1 * 12)"
"2, 6, 10, 13","计算24点。
使用数字 2, 6, 10, 13，每个只能用一次。
先在 <think></think> 内写简短步骤。
</think> 后只输出最终公式。
<think>
","首先计算 2 + 6 = 8。然后计算 13 - 10 = 3。最后计算 8 * 3 = 24。</think>
(2 + 6) * (13 - 10)"
"2, 4, 4, 5, 10","计算24点。
使用数字 2, 4, 4, 5, 10，每个只能用一次。
先在 <think></think> 内写简短步骤。
</think> 后只输出最终公式。
<think>
","首先计算 4 * 5 = 20。然后计算 2 + 4 = 6。然后计算 10 - 6 = 4。最后计算 20 + 4 = 24。</think>
(4 * 5) + (10 - (2 + 4))"
"1, 4, 7, 11, 12","计算24点。
使用数字 1, 4, 7, 11, 12，每个只能用一次。
先在 <think></think> 内写简短步骤。
</think> 后只输出最终公式。
<think>
","首先计算 1 - 4 = -3。然后计算 7 - 11 = -4。然后计算 -3 * -4 = 12。最后计算 12 + 12 = 24。</think>
12 + ((1 - 4) * (7 - 11))"
"8, 9, 10, 13","计算24点。
使用数字 8, 9, 10, 13，每个只能用一次。
先在 <think></think> 内写简短步骤。
</think> 后只输出最终公式。
<think>
","首先计算 10 + 13 = 23。然后计算 8 - 9 = -1。最后计算 23 - -1 = 24。</think>
(10 + 13) - (8 - 9)"
"4, 4, 7, 12","计算24点。
使用数字 4, 4, 7, 12，每个只能用一次。
先在 <think></think> 内写简短步骤。
</think> 后只输出最终公式。
<think>
","首先计算 4 - 7 = -3。然后计算 4 - 12 = -8。最后计算 -3 * -8 = 24。</think>
(4 - 7) * (4 - 12)"
"4, 4, 4, 8, 13","计算24点。
使用数字 4, 4, 4, 8, 13，每个只能用一次。
先在 <think></think> 内写简短步骤。
</think> 后只输出最终公式。
<think>
","首先计算 8 * 13 = 104。然后计算 4 + 4 = 8。然后计算 104 - 8 = 96。最后计算 96 / 4 = 24。</think>
((8 * 13) - (4 + 4)) / 4"
"2, 4, 4","计算24点。
使用数字 2, 4, 4，每个只能用一次。
先在 <think></think> 内写简短步骤。
</think> 后只输出最终公式。
<think>
","首先计算 2 + 4 = 6。最后计算 4 * 6 = 24。</think>
4 * (2 + 4)"
"4, 5, 5, 8","计算24点。
使用数字 4, 5, 5, 8，每个只能用一次。
先在 <think></think> 内写简短步骤。
</think> 后只输出最终公式。
<think>
","首先计算 5 / 5 = 1。然后计算 4 - 1 = 3。最后计算 8 * 3 = 24。</think>
8 * (4 - (5 / 5))"
"2, 9, 11, 12, 12","计算24点。
使用数字 2, 9, 11, 12, 12，每个只能用一次。
先在 <think></think> 内写简短步骤。
</think> 后只输出最终公式。
<think>
","首先计算 11 + 12 = 23。然后计算 2 + 9 = 11。然后计算 12 - 11 = 1。最后计算 23 + 1 = 24。</think>
(11 + 12) + (12 - (2 + 9))"
"3, 3, 3, 12","计算24点。
使用数字 3, 3, 3, 12，每个只能用一次。
先在 <think></think> 内写简短步骤。
</think> 后只输出最终公式。
<think>
","首先计算 3 + 3 = 6。然后计算 3 / 12 = 0.25。最后计算 6 / 0.25 = 24。</think>
(3 + 3) / (3 / 12)"
"1, 1, 4, 4, 8","计算24点。
使用数字 1, 1, 4, 4, 8，每个只能用一次。
先在 <think></think> 内写简短步骤。
</think> 后只输出最终公式。
<think>
","首先计算 4 + 4 = 8。然后计算 1 + 1 = 2。然后计算 8 * 2 = 16。最后计算 8 + 16 = 24。</think>
(4 + 4) + (8 * (1 + 1))"
"3, 6, 8, 8, 11","计算24点。
使用数字 3, 6, 8, 8, 11，每个只能用一次。
先在 <think></think> 内写简短步骤。
</think> 后只输出最终公式。
<think>
","首先计算 3 + 6 = 9。然后计算 8 * 9 = 72。然后计算 11 - 8 = 3。最后计算 72 / 3 = 24。</think>
(8 * (3 + 6)) / (11 - 8)"
"3, 8, 13","计算24点。
使用数字 3, 8, 13，每个只能用一次。
先在 <think></think> 内写简短步骤。
</think> 后只输出最终公式。
<think>
","首先计算 3 + 8 = 11。最后计算 13 + 11 = 24。</think>
13 + (3 + 8)"
"4, 8, 10, 12","计算24点。
使用数字 4, 8, 10, 12，每个只能用一次。
先在 <think></think> 内写简短步骤。
</think> 后只输出最终公式。
<think>
","首先计算 4 + 8 = 12。然后计算 12 - 10 = 2。最后计算 12 * 2 = 24。</think>
(4 + 8) * (12 - 10)"
"1, 12, 13, 13","计算24点。
使用数字 1, 12, 13, 13，每个只能用一次。
先在 <think></think> 内写简短步骤。
</think> 后只输出最终公式。
<think>
","首先计算 13 / 13 = 1。然后计算 1 + 1 = 2。最后计算 12 * 2 = 24。</think>
12 * (1 + (13 / 13))"
"6, 6, 10, 13","计算24点。
使用数字 6, 6, 10, 13，每个只能用一次。
先在 <think></think> 内写简短步骤。
</think> 后只输出最终公式。
<think>
","首先计算 6 / 6 = 1。然后计算 10 + 13 = 23。最后计算 1 + 23 = 24。</think>
(6 / 6) + (10 + 13)"
"3, 6, 7","计算24点。
使用数字 3, 6, 7，每个只能用一次。
先在 <think></think> 内写简短步骤。
</think> 后只输出最终公式。
<think>
","首先计算 7 - 3 = 4。最后计算 6 * 4 = 24。</think>
6 * (7 - 3)"
"3, 6, 11, 13","计算24点。
使用数字 3, 6, 11, 13，每个只能用一次。
先在 <think></think> 内写简短步骤。
</think> 后只输出最终公式。
<think>
","首先计算 6 - 11 = -5。然后计算 13 + -5 = 8。最后计算 3 * 8 = 24。</think>
3 * (13 + (6 - 11))"
"1, 7, 8, 10, 12","计算24点。
使用数字 1, 7, 8, 10, 12，每个只能用一次。
先在 <think></think> 内写简短步骤。
</think> 后只输出最终公式。
<think>
","首先计算 1 + 7 = 8。然后计算 10 - 12 = -2。然后计算 8 * -2 = -16。最后计算 8 - -16 = 24。</think>
(1 + 7) - (8 * (10 - 12))"
"1, 8, 8, 9","计算24点。
使用数字 1, 8, 8, 9，每个只能用一次。
先在 <think></think> 内写简短步骤。
</think> 后只输出最终公式。
<think>
","首先计算 8 + 9 = 17。然后计算 1 - 8 = -7。最后计算 17 - -7 = 24。</think>
(8 + 9) - (1 - 8)"
"1, 4, 6, 6, 8","计算24点。
使用数字 1, 4, 6, 6, 8，每个只能用一次。
先在 <think></think> 内写简短步骤。
</think> 后只输出最终公式。
<think>
","首先计算 1 + 4 = 5。然后计算 8 - 5 = 3。然后计算 6 * 3 = 18。最后计算 6 + 18 = 24。</think>
6 + (6 * (8 - (1 + 4)))"
"2, 2, 3, 5","计算24点。
使用数字 2, 2, 3, 5，每个只能用一次。
先在 <think></think> 内写简短步骤。
</think> 后只输出最终公式。
<think>
","首先计算 2 * 5 = 10。然后计算 10 - 2 = 8。最后计算 3 * 8 = 24。</think>
3 * ((2 * 5) - 2)"
"3, 3, 4, 4, 4","计算24点。
使用数字 3, 3, 4, 4, 4，每个只能用一次。
先在 <think></think> 内写简短步骤。
</think> 后只输出最终公式。
<think>
","首先计算 3 + 3 = 6。然后计算 4 + 4 = 8。然后计算 8 - 4 = 4。最后计算 6 * 4 = 24。</think>
(3 + 3) * ((4 + 4) - 4)"
"1, 11, 13","计算24点。
使用数字 1, 11, 13，每个只能用一次。
先在 <think></think> 内写简短步骤。
</think> 后只输出最终公式。
<think>
","首先计算 1 * 11 = 11。最后计算 13 + 11 = 24。</think>
13 + (1 * 11)"
"2, 6, 9","计算24点。
使用数字 2, 6, 9，每个只能用一次。
先在 <think></think> 内写简短步骤。
</think> 后只输出最终公式。
<think>
","首先计算 2 * 9 = 18。最后计算 6 + 18 = 24。</think>
6 + (2 * 9)"
"4, 8, 12","计算24点。
使用数字 4, 8, 12，每个只能用一次。
先在 <think></think> 内写简短步骤。
</think> 后只输出最终公式。
<think>
","首先计算 4 + 8 = 12。最后计算 12 + 12 = 24。</think>
12 + (4 + 8)"
"1, 4, 4, 7","计算24点。
使用数字 1, 4, 4, 7，每个只能用一次。
先在 <think></think> 内写简短步骤。
</think> 后只输出最终公式。
<think>
","首先计算 4 * 7 = 28。然后计算 1 * 4 = 4。最后计算 28 - 4 = 24。</think>
(4 * 7) - (1 * 4)"
"4, 7, 7, 8, 11","计算24点。
使用数字 4, 7, 7, 8, 11，每个只能用一次。
先在 <think></think> 内写简短步骤。
</think> 后只输出最终公式。
<think>
","首先计算 4 - 7 = -3。然后计算 7 * -3 = -21。然后计算 8 + -21 = -13。最后计算 11 - -13 = 24。</think>
11 - (8 + (7 * (4 - 7)))"
"5, 7, 11, 11","计算24点。
使用数字 5, 7, 11, 11，每个只能用一次。
先在 <think></think> 内写简短步骤。
</think> 后只输出最终公式。
<think>
","首先计算 11 + 11 = 22。然后计算 5 - 7 = -2。最后计算 22 - -2 = 24。</think>
(11 + 11) - (5 - 7)"
"1, 1, 1, 8, 8","计算24点。
使用数字 1, 1, 1, 8, 8，每个只能用一次。
先在 <think></think> 内写简短步骤。
</think> 后只输出最终公式。
<think>
","首先计算 1 * 8 = 8。然后计算 1 + 1 = 2。然后计算 8 * 2 = 16。最后计算 8 + 16 = 24。</think>
(1 * 8) + (8 * (1 + 1))"
"4, 5, 8, 13","计算24点。
使用数字 4, 5, 8, 13，每个只能用一次。
先在 <think></think> 内写简短步骤。
</think> 后只输出最终公式。
<think>
","首先计算 4 * 8 = 32。然后计算 5 - 13 = -8。最后计算 32 + -8 = 24。</think>
(4 * 8) + (5 - 13)"
"6, 7, 10, 13","计算24点。
使用数字 6, 7, 10, 13，每个只能用一次。
先在 <think></think> 内写简短步骤。
</think> 后只输出最终公式。
<think>
","首先计算 10 + 13 = 23。然后计算 6 - 7 = -1。最后计算 23 - -1 = 24。</think>
(10 + 13) - (6 - 7)"
"4, 6, 9, 13","计算24点。
使用数字 4, 6, 9, 13，每个只能用一次。
先在 <think></think> 内写简短步骤。
</think> 后只输出最终公式。
<think>
","首先计算 9 + 13 = 22。然后计算 4 - 6 = -2。最后计算 22 - -2 = 24。</think>
(9 + 13) - (4 - 6)"
"3, 10, 10, 11, 12","计算24点。
使用数字 3, 10, 10, 11, 12，每个只能用一次。
先在 <think></think> 内写简短步骤。
</think> 后只输出最终公式。
<think>
","首先计算 10 - 11 = -1。然后计算 3 + 10 = 13。然后计算 12 + 13 = 25。最后计算 -1 + 25 = 24。</think>
(10 - 11) + (12 + (3 + 10))"
"1, 2, 11, 12","计算24点。
使用数字 1, 2, 11, 12，每个只能用一次。
先在 <think></think> 内写简短步骤。
</think> 后只输出最终公式。
<think>
","首先计算 11 + 12 = 23。然后计算 1 - 2 = -1。最后计算 23 - -1 = 24。</think>
(11 + 12) - (1 - 2)"
"1, 3, 3, 10, 11","计算24点。
使用数字 1, 3, 3, 10, 11，每个只能用一次。
先在 <think></think> 内写简短步骤。
</think> 后只输出最终公式。
<think>
","首先计算 1 / 3 = 0.33。然后计算 11 + 0.33 = 11.33。然后计算 3 * 11.33 = 34。最后计算 34 - 10 = 24。</think>
(3 * (11 + (1 / 3))) - 10"
"9, 10, 12, 13","计算24点。
使用数字 9, 10, 12, 13，每个只能用一次。
先在 <think></think> 内写简短步骤。
</think> 后只输出最终公式。
<think>
","首先计算 9 - 10 = -1。然后计算 12 + 13 = 25。最后计算 -1 + 25 = 24。</think>
(9 - 10) + (12 + 13)"
"3, 6, 9, 11, 13","计算24点。
使用数字 3, 6, 9, 11, 13，每个只能用一次。
先在 <think></think> 内写简短步骤。
</think> 后只输出最终公式。
<think>
","首先计算 9 + 11 = 20。然后计算 3 + 6 = 9。然后计算 13 - 9 = 4。最后计算 20 + 4 = 24。</think>
(9 + 11) + (13 - (3 + 6))"
"5, 6, 10, 11, 12","计算24点。
使用数字 5, 6, 10, 11, 12，每个只能用一次。
先在 <think></think> 内写简短步骤。
</think> 后只输出最终公式。
<think>
","首先计算 5 + 6 = 11。然后计算 12 + 11 = 23。然后计算 10 - 11 = -1。最后计算 23 - -1 = 24。</think>
(12 + (5 + 6)) - (10 - 11)"
"2, 6, 12, 12","计算24点。
使用数字 2, 6, 12, 12，每个只能用一次。
先在 <think></think> 内写简短步骤。
</think> 后只输出最终公式。
<think>
","首先计算 2 / 6 = 0.33。然后计算 12 / 0.33 = 36。最后计算 36 - 12 = 24。</think>
(12 / (2 / 6)) - 12"
"3, 4, 12, 13","计算24点。
使用数字 3, 4, 12, 13，每个只能用一次。
先在 <think></think> 内写简短步骤。
</think> 后只输出最终公式。
<think>
","首先计算 3 - 4 = -1。然后计算 12 + 13 = 25。最后计算 -1 + 25 = 24。</think>
(3 - 4) + (12 + 13)"
"7, 7, 9, 10","计算24点。
使用数字 7, 7, 9, 10，每个只能用一次。
先在 <think></think> 内写简短步骤。
</think> 后只输出最终公式。
<think>
","首先计算 7 - 9 = -2。然后计算 7 * -2 = -14。最后计算 10 - -14 = 24。</think>
10 - (7 * (7 - 9))"
"3, 6, 6, 12, 12","计算24点。
使用数字 3, 6, 6, 12, 12，每个只能用一次。
先在 <think></think> 内写简短步骤。
</think> 后只输出最终公式。
<think>
","首先计算 6 + 12 = 18。然后计算 3 + 6 = 9。然后计算 12 / 9 = 1.33。最后计算 18 * 1.33 = 24。</think>
(6 + 12) * (12 / (3 + 6))"
"1, 1, 6, 9","计算24点。
使用数字 1, 1, 6, 9，每个只能用一次。
先在 <think></think> 内写简短步骤。
</think> 后只输出最终公式。
<think>
","首先计算 1 + 1 = 2。然后计算 9 * 2 = 18。最后计算 6 + 18 = 24。</think>
6 + (9 * (1 + 1))"
"4, 4, 8, 8, 11","计算24点。
使用数字 4, 4, 8, 8, 11，每个只能用一次。
先在 <think></think> 内写简短步骤。
</think> 后只输出最终公式。
<think>
","首先计算 4 + 4 = 8。然后计算 11 * 8 = 88。然后计算 8 * 8 = 64。最后计算 88 - 64 = 24。</think>
(11 * (4 + 4)) - (8 * 8)"
"4, 5, 5, 5","计算24点。
使用数字 4, 5, 5, 5，每个只能用一次。
先在 <think></think> 内写简短步骤。
</think> 后只输出最终公式。
<think>
","首先计算 4 - 5 = -1。然后计算 5 * 5 = 25。最后计算 -1 + 25 = 24。</think>
(4 - 5) + (5 * 5)"
"2, 4, 5, 12, 13","计算24点。
使用数字 2, 4, 5, 12, 13，每个只能用一次。
先在 <think></think> 内写简短步骤。
</think> 后只输出最终公式。
<think>
","首先计算 5 + 12 = 17。然后计算 2 + 4 = 6。然后计算 13 - 6 = 7。最后计算 17 + 7 = 24。</think>
(5 + 12) + (13 - (2 + 4))"
"2, 2, 2, 5, 8","计算24点。
使用数字 2, 2, 2, 5, 8，每个只能用一次。
先在 <think></think> 内写简短步骤。
</think> 后只输出最终公式。
<think>
","首先计算 2 + 5 = 7。然后计算 2 + 2 = 4。然后计算 7 - 4 = 3。最后计算 8 * 3 = 24。</think>
8 * ((2 + 5) - (2 + 2))"
"2, 2, 2, 6, 6","计算24点。
使用数字 2, 2, 2, 6, 6，每个只能用一次。
先在 <think></think> 内写简短步骤。
</think> 后只输出最终公式。
<think>
","首先计算 2 + 6 = 8。然后计算 2 + 2 = 4。然后计算 8 - 4 = 4。最后计算 6 * 4 = 24。</think>
6 * ((2 + 6) - (2 + 2))"
"2, 12, 12, 13","计算24点。
使用数字 2, 12, 12, 13，每个只能用一次。
先在 <think></think> 内写简短步骤。
</think> 后只输出最终公式。
<think>
","首先计算 2 * 12 = 24。然后计算 13 - 12 = 1。最后计算 24 * 1 = 24。</think>
(2 * 12) * (13 - 12)"
"4, 7, 7, 11, 11","计算24点。
使用数字 4, 7, 7, 11, 11，每个只能用一次。
先在 <think></think> 内写简短步骤。
</think> 后只输出最终公式。
<think>
","首先计算 7 - 4 = 3。然后计算 11 / 11 = 1。然后计算 7 + 1 = 8。最后计算 3 * 8 = 24。</think>
(7 - 4) * (7 + (11 / 11))"
"2, 2, 4, 9","计算24点。
使用数字 2, 2, 4, 9，每个只能用一次。
先在 <think></think> 内写简短步骤。
</think> 后只输出最终公式。
<think>
","首先计算 2 + 4 = 6。然后计算 2 * 9 = 18。最后计算 6 + 18 = 24。</think>
(2 + 4) + (2 * 9)"
"4, 8, 8, 10","计算24点。
使用数字 4, 8, 8, 10，每个只能用一次。
先在 <think></think> 内写简短步骤。
</think> 后只输出最终公式。
<think>
","首先计算 4 + 8 = 12。然后计算 10 - 8 = 2。最后计算 12 * 2 = 24。</think>
(4 + 8) * (10 - 8)"
"7, 10, 11, 13","计算24点。
使用数字 7, 10, 11, 13，每个只能用一次。
先在 <think></think> 内写简短步骤。
</think> 后只输出最终公式。
<think>
","首先计算 11 - 13 = -2。然后计算 7 * -2 = -14。最后计算 10 - -14 = 24。</think>
10 - (7 * (11 - 13))"
"3, 5, 8, 10, 13","计算24点。
使用数字 3, 5, 8, 10, 13，每个只能用一次。
先在 <think></think> 内写简短步骤。
</think> 后只输出最终公式。
<think>
","首先计算 3 + 5 = 8。然后计算 13 * 8 = 104。然后计算 8 * 10 = 80。最后计算 104 - 80 = 24。</think>
(13 * (3 + 5)) - (8 * 10)"
"1, 1, 6, 10, 10","计算24点。
使用数字 1, 1, 6, 10, 10，每个只能用一次。
先在 <think></think> 内写简短步骤。
</think> 后只输出最终公式。
<think>
","首先计算 6 + 10 = 16。然后计算 1 + 1 = 2。然后计算 10 - 2 = 8。最后计算 16 + 8 = 24。</think>
(6 + 10) + (10 - (1 + 1))"
"3, 3, 7, 12","计算24点。
使用数字 3, 3, 7, 12，每个只能用一次。
先在 <think></think> 内写简短步骤。
</think> 后只输出最终公式。
<think>
","首先计算 3 * 3 = 9。然后计算 9 - 7 = 2。最后计算 12 * 2 = 24。</think>
12 * ((3 * 3) - 7)"
"2, 2, 10","计算24点。
使用数字 2, 2, 10，每个只能用一次。
先在 <think></think> 内写简短步骤。
</think> 后只输出最终公式。
<think>
","首先计算 2 + 10 = 12。最后计算 2 * 12 = 24。</think>
2 * (2 + 10)"
"2, 3, 8, 11, 12","计算24点。
使用数字 2, 3, 8, 11, 12，每个只能用一次。
先在 <think></think> 内写简短步骤。
</think> 后只输出最终公式。
<think>
","首先计算 2 + 3 = 5。然后计算 8 - 11 = -3。然后计算 5 + -3 = 2。最后计算 12 * 2 = 24。</think>
12 * ((2 + 3) + (8 - 11))"
"6, 7, 7, 8, 9","计算24点。
使用数字 6, 7, 7, 8, 9，每个只能用一次。
先在 <think></think> 内写简短步骤。
</think> 后只输出最终公式。
<think>
","首先计算 7 + 9 = 16。然后计算 6 + 7 = 13。然后计算 16 - 13 = 3。最后计算 8 * 3 = 24。</think>
8 * ((7 + 9) - (6 + 7))"
"7, 7, 8, 11","计算24点。
使用数字 7, 7, 8, 11，每个只能用一次。
先在 <think></think> 内写简短步骤。
</think> 后只输出最终公式。
<think>
","首先计算 7 + 7 = 14。然后计算 14 - 11 = 3。最后计算 8 * 3 = 24。</think>
8 * ((7 + 7) - 11)"
"2, 2, 4, 5","计算24点。
使用数字 2, 2, 4, 5，每个只能用一次。
先在 <think></think> 内写简短步骤。
</think> 后只输出最终公式。
<think>
","首先计算 2 + 2 = 4。然后计算 4 * 5 = 20。最后计算 4 + 20 = 24。</think>
(2 + 2) + (4 * 5)"
"2, 4, 8, 12","计算24点。
使用数字 2, 4, 8, 12，每个只能用一次。
先在 <think></think> 内写简短步骤。
</think> 后只输出最终公式。
<think>
","首先计算 2 + 4 = 6。然后计算 8 - 6 = 2。最后计算 12 * 2 = 24。</think>
12 * (8 - (2 + 4))"
"2, 6, 8","计算24点。
使用数字 2, 6, 8，每个只能用一次。
先在 <think></think> 内写简短步骤。
</think> 后只输出最终公式。
<think>
","首先计算 2 / 6 = 0.33。最后计算 8 / 0.33 = 24。</think>
8 / (2 / 6)"
"7, 7, 11, 12","计算24点。
使用数字 7, 7, 11, 12，每个只能用一次。
先在 <think></think> 内写简短步骤。
</think> 后只输出最终公式。
<think>
","首先计算 7 / 7 = 1。然后计算 11 + 12 = 23。最后计算 1 + 23 = 24。</think>
(7 / 7) + (11 + 12)"
"7, 8, 11, 13","计算24点。
使用数字 7, 8, 11, 13，每个只能用一次。
先在 <think></think> 内写简短步骤。
</think> 后只输出最终公式。
<think>
","首先计算 7 - 8 = -1。然后计算 11 * -1 = -11。最后计算 13 - -11 = 24。</think>
13 - (11 * (7 - 8))"
"2, 3, 11, 12, 13","计算24点。
使用数字 2, 3, 11, 12, 13，每个只能用一次。
先在 <think></think> 内写简短步骤。
</think> 后只输出最终公式。
<think>
","首先计算 11 - 13 = -2。然后计算 2 - 3 = -1。然后计算 12 * -1 = -12。最后计算 -2 * -12 = 24。</think>
(11 - 13) * (12 * (2 - 3))"
"1, 2, 9, 11","计算24点。
使用数字 1, 2, 9, 11，每个只能用一次。
先在 <think></think> 内写简短步骤。
</think> 后只输出最终公式。
<think>
","首先计算 1 + 2 = 3。然后计算 11 * 3 = 33。最后计算 33 - 9 = 24。</think>
(11 * (1 + 2)) - 9"
"1, 4, 7","计算24点。
使用数字 1, 4, 7，每个只能用一次。
先在 <think></think> 内写简短步骤。
</think> 后只输出最终公式。
<think>
","首先计算 7 - 1 = 6。最后计算 4 * 6 = 24。</think>
4 * (7 - 1)"
"4, 5, 13, 13","计算24点。
使用数字 4, 5, 13, 13，每个只能用一次。
先在 <think></think> 内写简短步骤。
</think> 后只输出最终公式。
<think>
","首先计算 13 / 13 = 1。然后计算 5 + 1 = 6。最后计算 4 * 6 = 24。</think>
4 * (5 + (13 / 13))"
"4, 4, 7","计算24点。
使用数字 4, 4, 7，每个只能用一次。
先在 <think></think> 内写简短步骤。
</think> 后只输出最终公式。
<think>
","首先计算 4 * 7 = 28。最后计算 28 - 4 = 24。</think>
(4 * 7) - 4"
"4, 5, 5, 7","计算24点。
使用数字 4, 5, 5, 7，每个只能用一次。
先在 <think></think> 内写简短步骤。
</think> 后只输出最终公式。
<think>
","首先计算 5 / 5 = 1。然后计算 7 - 1 = 6。最后计算 4 * 6 = 24。</think>
4 * (7 - (5 / 5))"
"1, 1, 3, 7","计算24点。
使用数字 1, 1, 3, 7，每个只能用一次。
先在 <think></think> 内写简短步骤。
</think> 后只输出最终公式。
<think>
","首先计算 1 * 1 = 1。然后计算 7 + 1 = 8。最后计算 3 * 8 = 24。</think>
3 * (7 + (1 * 1))"
"1, 10, 13","计算24点。
使用数字 1, 10, 13，每个只能用一次。
先在 <think></think> 内写简短步骤。
</think> 后只输出最终公式。
<think>
","首先计算 1 + 10 = 11。最后计算 13 + 11 = 24。</think>
13 + (1 + 10)"
"2, 5, 8, 13","计算24点。
使用数字 2, 5, 8, 13，每个只能用一次。
先在 <think></think> 内写简短步骤。
</think> 后只输出最终公式。
<think>
","首先计算 8 + 13 = 21。然后计算 2 - 5 = -3。最后计算 21 - -3 = 24。</think>
(8 + 13) - (2 - 5)"
"2, 3, 5, 8, 13","计算24点。
使用数字 2, 3, 5, 8, 13，每个只能用一次。
先在 <think></think> 内写简短步骤。
</think> 后只输出最终公式。
<think>
","首先计算 5 - 8 = -3。然后计算 2 + 3 = 5。然后计算 5 - 13 = -8。最后计算 -3 * -8 = 24。</think>
(5 - 8) * ((2 + 3) - 13)"
"2, 7, 7, 11, 12","计算24点。
使用数字 2, 7, 7, 11, 12，每个只能用一次。
先在 <think></think> 内写简短步骤。
</think> 后只输出最终公式。
<think>
","首先计算 7 + 11 = 18。然后计算 2 + 7 = 9。然后计算 12 / 9 = 1.33。最后计算 18 * 1.33 = 24。</think>
(7 + 11) * (12 / (2 + 7))"
"3, 4, 10, 13","计算24点。
使用数字 3, 4, 10, 13，每个只能用一次。
先在 <think></think> 内写简短步骤。
</think> 后只输出最终公式。
<think>
","首先计算 10 + 13 = 23。然后计算 3 - 4 = -1。最后计算 23 - -1 = 24。</think>
(10 + 13) - (3 - 4)"
"2, 3, 6","计算24点。
使用数字 2, 3, 6，每个只能用一次。
先在 <think></think> 内写简短步骤。
</think> 后只输出最终公式。
<think>
","首先计算 2 + 6 = 8。最后计算 3 * 8 = 24。</think>
3 * (2 + 6)"
"2, 6, 13, 13, 13","计算24点。
使用数字 2, 6, 13, 13, 13，每个只能用一次。
先在 <think></think> 内写简短步骤。
</think> 后只输出最终公式。
<think>
","首先计算 13 + 13 = 26。然后计算 2 * 6 = 12。然后计算 13 / 12 = 1.08。最后计算 26 / 1.08 = 24。</think>
(13 + 13) / (13 / (2 * 6))"
"9, 9, 12, 13","计算24点。
使用数字 9, 9, 12, 13，每个只能用一次。
先在 <think></think> 内写简短步骤。
</think> 后只输出最终公式。
<think>
","首先计算 12 + 13 = 25。然后计算 9 / 9 = 1。最后计算 25 - 1 = 24。</think>
(12 + 13) - (9 / 9)"
"3, 5, 12","计算24点。
使用数字 3, 5, 12，每个只能用一次。
先在 <think></think> 内写简短步骤。
</think> 后只输出最终公式。
<think>
","首先计算 5 - 3 = 2。最后计算 12 * 2 = 24。</think>
12 * (5 - 3)"
"7, 10, 11, 12, 13","计算24点。
使用数字 7, 10, 11, 12, 13，每个只能用一次。
先在 <think></think> 内写简短步骤。
</think> 后只输出最终公式。
<think>
","首先计算 10 * 12 = 120。然后计算 7 + 11 = 18。然后计算 18 - 13 = 5。最后计算 120 / 5 = 24。</think>
(10 * 12) / ((7 + 11) - 13)"
"2, 2, 5, 6","计算24点。
使用数字 2, 2, 5, 6，每个只能用一次。
先在 <think></think> 内写简短步骤。
</think> 后只输出最终公式。
<think>
","首先计算 2 / 2 = 1。然后计算 5 - 1 = 4。最后计算 6 * 4 = 24。</think>
6 * (5 - (2 / 2))"
"3, 7, 10, 13","计算24点。
使用数字 3, 7, 10, 13，每个只能用一次。
先在 <think></think> 内写简短步骤。
</think> 后只输出最终公式。
<think>
","首先计算 3 * 7 = 21。然后计算 10 - 13 = -3。最后计算 21 - -3 = 24。</think>
(3 * 7) - (10 - 13)"
"1, 2, 2, 2, 8","计算24点。
使用数字 1, 2, 2, 2, 8，每个只能用一次。
先在 <think></think> 内写简短步骤。
</think> 后只输出最终公式。
<think>
","首先计算 2 - 2 = 0。然后计算 1 + 2 = 3。然后计算 8 * 3 = 24。最后计算 0 + 24 = 24。</think>
(2 - 2) + (8 * (1 + 2))"
"3, 8, 8, 9","计算24点。
使用数字 3, 8, 8, 9，每个只能用一次。
先在 <think></think> 内写简短步骤。
</think> 后只输出最终公式。
<think>
","首先计算 3 * 8 = 24。然后计算 9 - 8 = 1。最后计算 24 * 1 = 24。</think>
(3 * 8) * (9 - 8)"
"2, 4, 9, 10","计算24点。
使用数字 2, 4, 9, 10，每个只能用一次。
先在 <think></think> 内写简短步骤。
</think> 后只输出最终公式。
<think>
","首先计算 2 * 9 = 18。然后计算 4 - 10 = -6。最后计算 18 - -6 = 24。</think>
(2 * 9) - (4 - 10)"
"5, 6, 8, 9, 11","计算24点。
使用数字 5, 6, 8, 9, 11，每个只能用一次。
先在 <think></think> 内写简短步骤。
</think> 后只输出最终公式。
<think>
","首先计算 5 + 6 = 11。然后计算 11 - 8 = 3。然后计算 11 * 3 = 33。最后计算 33 - 9 = 24。</think>
((5 + 6) * (11 - 8)) - 9"
"2, 2, 9, 9, 13","计算24点。
使用数字 2, 2, 9, 9, 13，每个只能用一次。
先在 <think></think> 内写简短步骤。
</think> 后只输出最终公式。
<think>
","首先计算 2 * 13 = 26。然后计算 2 + 9 = 11。然后计算 9 - 11 = -2。最后计算 26 + -2 = 24。</think>
(2 * 13) + (9 - (2 + 9))"
"1, 3, 10, 11","计算24点。
使用数字 1, 3, 10, 11，每个只能用一次。
先在 <think></think> 内写简短步骤。
</think> 后只输出最终公式。
<think>
","首先计算 1 * 3 = 3。然后计算 10 + 11 = 21。最后计算 3 + 21 = 24。</think>
(1 * 3) + (10 + 11)"
"8, 10, 10, 10, 11","计算24点。
使用数字 8, 10, 10, 10, 11，每个只能用一次。
先在 <think></think> 内写简短步骤。
</think> 后只输出最终公式。
<think>
","首先计算 10 - 8 = 2。然后计算 10 / 10 = 1。然后计算 11 + 1 = 12。最后计算 2 * 12 = 24。</think>
(10 - 8) * (11 + (10 / 10))"
"1, 2, 9, 12, 12","计算24点。
使用数字 1, 2, 9, 12, 12，每个只能用一次。
先在 <think></think> 内写简短步骤。
</think> 后只输出最终公式。
<think>
","首先计算 9 * 12 = 108。然后计算 1 + 2 = 3。然后计算 108 / 3 = 36。最后计算 36 - 12 = 24。</think>
((9 * 12) / (1 + 2)) - 12"
"1, 2, 6, 6, 10","计算24点。
使用数字 1, 2, 6, 6, 10，每个只能用一次。
先在 <think></think> 内写简短步骤。
</think> 后只输出最终公式。
<think>
","首先计算 1 + 2 = 3。然后计算 6 - 3 = 3。然后计算 10 * 3 = 30。最后计算 30 - 6 = 24。</think>
(10 * (6 - (1 + 2))) - 6"
"3, 5, 7, 10","计算24点。
使用数字 3, 5, 7, 10，每个只能用一次。
先在 <think></think> 内写简短步骤。
</think> 后只输出最终公式。
<think>
","首先计算 3 + 5 = 8。然后计算 10 - 7 = 3。最后计算 8 * 3 = 24。</think>
(3 + 5) * (10 - 7)"
"4, 4, 8","计算24点。
使用数字 4, 4, 8，每个只能用一次。
先在 <think></think> 内写简短步骤。
</think> 后只输出最终公式。
<think>
","首先计算 4 * 4 = 16。最后计算 8 + 16 = 24。</think>
8 + (4 * 4)"
"2, 3, 6, 8, 10","计算24点。
使用数字 2, 3, 6, 8, 10，每个只能用一次。
先在 <think></think> 内写简短步骤。
</think> 后只输出最终公式。
<think>
","首先计算 6 * 8 = 48。然后计算 2 + 3 = 5。然后计算 10 / 5 = 2。最后计算 48 / 2 = 24。</think>
(6 * 8) / (10 / (2 + 3))"
"5, 5, 11, 11","计算24点。
使用数字 5, 5, 11, 11，每个只能用一次。
先在 <think></think> 内写简短步骤。
</think> 后只输出最终公式。
<think>
","首先计算 5 * 5 = 25。然后计算 11 / 11 = 1。最后计算 25 - 1 = 24。</think>
(5 * 5) - (11 / 11)"
"3, 11, 11, 11, 12","计算24点。
使用数字 3, 11, 11, 11, 12，每个只能用一次。
先在 <think></think> 内写简短步骤。
</think> 后只输出最终公式。
<think>
","首先计算 11 + 11 = 22。然后计算 3 + 11 = 14。然后计算 12 - 14 = -2。最后计算 22 - -2 = 24。</think>
(11 + 11) - (12 - (3 + 11))"
"4, 8, 9, 10","计算24点。
使用数字 4, 8, 9, 10，每个只能用一次。
先在 <think></think> 内写简短步骤。
</think> 后只输出最终公式。
<think>
","首先计算 4 + 9 = 13。然后计算 13 - 10 = 3。最后计算 8 * 3 = 24。</think>
8 * ((4 + 9) - 10)"
"1, 2, 13","计算24点。
使用数字 1, 2, 13，每个只能用一次。
先在 <think></think> 内写简短步骤。
</think> 后只输出最终公式。
<think>
","首先计算 13 - 1 = 12。最后计算 2 * 12 = 24。</think>
2 * (13 - 1)"
"5, 9, 10","计算24点。
使用数字 5, 9, 10，每个只能用一次。
先在 <think></think> 内写简短步骤。
</think> 后只输出最终公式。
<think>
","首先计算 5 + 9 = 14。最后计算 10 + 14 = 24。</think>
10 + (5 + 9)"
"1, 4, 6, 11, 12","计算24点。
使用数字 1, 4, 6, 11, 12，每个只能用一次。
先在 <think></think> 内写简短步骤。
</think> 后只输出最终公式。
<think>
","首先计算 6 + 11 = 17。然后计算 1 + 4 = 5。然后计算 12 - 5 = 7。最后计算 17 + 7 = 24。</think>
(6 + 11) + (12 - (1 + 4))"
"3, 4, 4, 6, 12","计算24点。
使用数字 3, 4, 4, 6, 12，每个只能用一次。
先在 <think></think> 内写简短步骤。
</think> 后只输出最终公式。
<think>
","首先计算 6 * 12 = 72。然后计算 3 + 4 = 7。然后计算 7 - 4 = 3。最后计算 72 / 3 = 24。</think>
(6 * 12) / ((3 + 4) - 4)"
"6, 8, 8, 10, 13","计算24点。
使用数字 6, 8, 8, 10, 13，每个只能用一次。
先在 <think></think> 内写简短步骤。
</think> 后只输出最终公式。
<think>
","首先计算 6 + 8 = 14。然后计算 13 * 14 = 182。然后计算 10 + 182 = 192。最后计算 192 / 8 = 24。</think>
(10 + (13 * (6 + 8))) / 8"
"1, 2, 10, 12, 12","计算24点。
使用数字 1, 2, 10, 12, 12，每个只能用一次。
先在 <think></think> 内写简短步骤。
</think> 后只输出最终公式。
<think>
","首先计算 10 - 12 = -2。然后计算 1 - 2 = -1。然后计算 12 * -1 = -12。最后计算 -2 * -12 = 24。</think>
(10 - 12) * (12 * (1 - 2))"
"4, 4, 7, 10, 11","计算24点。
使用数字 4, 4, 7, 10, 11，每个只能用一次。
先在 <think></think> 内写简短步骤。
</think> 后只输出最终公式。
<think>
","首先计算 10 + 11 = 21。然后计算 4 + 4 = 8。然后计算 7 / 8 = 0.88。最后计算 21 / 0.88 = 24。</think>
(10 + 11) / (7 / (4 + 4))"
"2, 2, 6, 7","计算24点。
使用数字 2, 2, 6, 7，每个只能用一次。
先在 <think></think> 内写简短步骤。
</think> 后只输出最终公式。
<think>
","首先计算 2 + 7 = 9。然后计算 2 * 9 = 18。最后计算 6 + 18 = 24。</think>
6 + (2 * (2 + 7))"
"4, 5, 7, 7","计算24点。
使用数字 4, 5, 7, 7，每个只能用一次。
先在 <think></think> 内写简短步骤。
</think> 后只输出最终公式。
<think>
","首先计算 5 * 7 = 35。然后计算 4 + 7 = 11。最后计算 35 - 11 = 24。</think>
(5 * 7) - (4 + 7)"
"1, 5, 5, 9, 11","计算24点。
使用数字 1, 5, 5, 9, 11，每个只能用一次。
先在 <think></think> 内写简短步骤。
</think> 后只输出最终公式。
<think>
","首先计算 5 + 11 = 16。然后计算 1 + 5 = 6。然后计算 9 / 6 = 1.50。最后计算 16 * 1.50 = 24。</think>
(5 + 11) * (9 / (1 + 5))"
"1, 2, 2, 9, 12","计算24点。
使用数字 1, 2, 2, 9, 12，每个只能用一次。
先在 <think></think> 内写简短步骤。
</think> 后只输出最终公式。
<think>
","首先计算 1 + 2 = 3。然后计算 9 - 3 = 6。然后计算 2 * 6 = 12。最后计算 12 + 12 = 24。</think>
12 + (2 * (9 - (1 + 2)))"
"6, 8, 12","计算24点。
使用数字 6, 8, 12，每个只能用一次。
先在 <think></think> 内写简短步骤。
</think> 后只输出最终公式。
<think>
","首先计算 8 - 6 = 2。最后计算 12 * 2 = 24。</think>
12 * (8 - 6)"
"11, 12, 13","计算24点。
使用数字 11, 12, 13，每个只能用一次。
先在 <think></think> 内写简短步骤。
</think> 后只输出最终公式。
<think>
","首先计算 13 - 11 = 2。最后计算 12 * 2 = 24。</think>
12 * (13 - 11)"
"7, 7, 11, 12, 12","计算24点。
使用数字 7, 7, 11, 12, 12，每个只能用一次。
先在 <think></think> 内写简短步骤。
</think> 后只输出最终公式。
<think>
","首先计算 7 + 7 = 14。然后计算 11 + 14 = 25。然后计算 12 / 12 = 1。最后计算 25 - 1 = 24。</think>
(11 + (7 + 7)) - (12 / 12)"
"1, 3, 6, 6","计算24点。
使用数字 1, 3, 6, 6，每个只能用一次。
先在 <think></think> 内写简短步骤。
</think> 后只输出最终公式。
<think>
","首先计算 1 - 3 = -2。然后计算 6 + -2 = 4。最后计算 6 * 4 = 24。</think>
6 * (6 + (1 - 3))"
"2, 6, 8, 8, 10","计算24点。
使用数字 2, 6, 8, 8, 10，每个只能用一次。
先在 <think></think> 内写简短步骤。
</think> 后只输出最终公式。
<think>
","首先计算 2 + 6 = 8。然后计算 8 - 10 = -2。然后计算 8 * -2 = -16。最后计算 8 - -16 = 24。</think>
(2 + 6) - (8 * (8 - 10))"
"2, 3, 3, 4, 6","计算24点。
使用数字 2, 3, 3, 4, 6，每个只能用一次。
先在 <think></think> 内写简短步骤。
</think> 后只输出最终公式。
<think>
","首先计算 2 + 3 = 5。然后计算 3 - 4 = -1。然后计算 5 + -1 = 4。最后计算 6 * 4 = 24。</think>
6 * ((2 + 3) + (3 - 4))"
"1, 3, 3, 5, 5","计算24点。
使用数字 1, 3, 3, 5, 5，每个只能用一次。
先在 <think></think> 内写简短步骤。
</think> 后只输出最终公式。
<think>
","首先计算 3 * 5 = 15。然后计算 1 + 3 = 4。然后计算 5 + 4 = 9。最后计算 15 + 9 = 24。</think>
(3 * 5) + (5 + (1 + 3))"
"6, 6, 7, 11","计算24点。
使用数字 6, 6, 7, 11，每个只能用一次。
先在 <think></think> 内写简短步骤。
</think> 后只输出最终公式。
<think>
","首先计算 6 * 11 = 66。然后计算 6 * 7 = 42。最后计算 66 - 42 = 24。</think>
(6 * 11) - (6 * 7)"
"2, 6, 10, 10","计算24点。
使用数字 2, 6, 10, 10，每个只能用一次。
先在 <think></think> 内写简短步骤。
</think> 后只输出最终公式。
<think>
","首先计算 10 + 10 = 20。然后计算 2 - 6 = -4。最后计算 20 - -4 = 24。</think>
(10 + 10) - (2 - 6)"
"2, 5, 8, 12","计算24点。
使用数字 2, 5, 8, 12，每个只能用一次。
先在 <think></think> 内写简短步骤。
</think> 后只输出最终公式。
<think>
","首先计算 2 * 5 = 10。然后计算 10 - 8 = 2。最后计算 12 * 2 = 24。</think>
12 * ((2 * 5) - 8)"
"4, 4, 4, 11, 11","计算24点。
使用数字 4, 4, 4, 11, 11，每个只能用一次。
先在 <think></think> 内写简短步骤。
</think> 后只输出最终公式。
<think>
","首先计算 11 + 11 = 22。然后计算 4 + 4 = 8。然后计算 8 / 4 = 2。最后计算 22 + 2 = 24。</think>
(11 + 11) + ((4 + 4) / 4)"
"8, 8, 8, 12","计算24点。
使用数字 8, 8, 8, 12，每个只能用一次。
先在 <think></think> 内写简短步骤。
</think> 后只输出最终公式。
<think>
","首先计算 8 + 8 = 16。然后计算 8 / 12 = 0.67。最后计算 16 / 0.67 = 24。</think>
(8 + 8) / (8 / 12)"
"4, 4, 5, 7","计算24点。
使用数字 4, 4, 5, 7，每个只能用一次。
先在 <think></think> 内写简短步骤。
</think> 后只输出最终公式。
<think>
","首先计算 4 - 5 = -1。然后计算 7 + -1 = 6。最后计算 4 * 6 = 24。</think>
4 * (7 + (4 - 5))"
"9, 11, 12, 12","计算24点。
使用数字 9, 11, 12, 12，每个只能用一次。
先在 <think></think> 内写简短步骤。
</think> 后只输出最终公式。
<think>
","首先计算 11 * 12 = 132。然后计算 9 * 12 = 108。最后计算 132 - 108 = 24。</think>
(11 * 12) - (9 * 12)"
"4, 6, 8, 10","计算24点。
使用数字 4, 6, 8, 10，每个只能用一次。
先在 <think></think> 内写简短步骤。
</think> 后只输出最终公式。
<think>
","首先计算 6 - 8 = -2。然后计算 10 * -2 = -20。最后计算 4 - -20 = 24。</think>
4 - (10 * (6 - 8))"
"2, 7, 7, 13","计算24点。
使用数字 2, 7, 7, 13，每个只能用一次。
先在 <think></think> 内写简短步骤。
</think> 后只输出最终公式。
<think>
","首先计算 7 / 7 = 1。然后计算 13 - 1 = 12。最后计算 2 * 12 = 24。</think>
2 * (13 - (7 / 7))"
"1, 1, 7, 10, 13","计算24点。
使用数字 1, 1, 7, 10, 13，每个只能用一次。
先在 <think></think> 内写简短步骤。
</think> 后只输出最终公式。
<think>
","首先计算 1 * 1 = 1。然后计算 7 + 1 = 8。然后计算 13 - 10 = 3。最后计算 8 * 3 = 24。</think>
(7 + (1 * 1)) * (13 - 10)"
"2, 11, 11","计算24点。
使用数字 2, 11, 11，每个只能用一次。
先在 <think></think> 内写简短步骤。
</think> 后只输出最终公式。
<think>
","首先计算 2 + 11 = 13。最后计算 11 + 13 = 24。</think>
11 + (2 + 11)"
"2, 13, 13","计算24点。
使用数字 2, 13, 13，每个只能用一次。
先在 <think></think> 内写简短步骤。
</think> 后只输出最终公式。
<think>
","首先计算 2 - 13 = -11。最后计算 13 - -11 = 24。</think>
13 - (2 - 13)"
"3, 12, 12","计算24点。
使用数字 3, 12, 12，每个只能用一次。
先在 <think></think> 内写简短步骤。
</think> 后只输出最终公式。
<think>
","首先计算 3 * 12 = 36。最后计算 36 - 12 = 24。</think>
(3 * 12) - 12"
"1, 4, 5, 7, 10","计算24点。
使用数字 1, 4, 5, 7, 10，每个只能用一次。
先在 <think></think> 内写简短步骤。
</think> 后只输出最终公式。
<think>
","首先计算 5 + 7 = 12。然后计算 1 + 4 = 5。然后计算 10 / 5 = 2。最后计算 12 * 2 = 24。</think>
(5 + 7) * (10 / (1 + 4))"
"10, 12, 12","计算24点。
使用数字 10, 12, 12，每个只能用一次。
先在 <think></think> 内写简短步骤。
</think> 后只输出最终公式。
<think>
","首先计算 12 - 10 = 2。最后计算 12 * 2 = 24。</think>
12 * (12 - 10)"
"3, 9, 12","计算24点。
使用数字 3, 9, 12，每个只能用一次。
先在 <think></think> 内写简短步骤。
</think> 后只输出最终公式。
<think>
","首先计算 3 + 9 = 12。最后计算 12 + 12 = 24。</think>
12 + (3 + 9)"
"1, 6, 12, 12","计算24点。
使用数字 1, 6, 12, 12，每个只能用一次。
先在 <think></think> 内写简短步骤。
</think> 后只输出最终公式。
<think>
","首先计算 12 * 12 = 144。然后计算 1 * 6 = 6。最后计算 144 / 6 = 24。</think>
(12 * 12) / (1 * 6)"
"4, 7, 10, 10","计算24点。
使用数字 4, 7, 10, 10，每个只能用一次。
先在 <think></think> 内写简短步骤。
</think> 后只输出最终公式。
<think>
","首先计算 10 / 10 = 1。然后计算 7 - 1 = 6。最后计算 4 * 6 = 24。</think>
4 * (7 - (10 / 10))"
"3, 3, 7, 11, 12","计算24点。
使用数字 3, 3, 7, 11, 12，每个只能用一次。
先在 <think></think> 内写简短步骤。
</think> 后只输出最终公式。
<think>
","首先计算 7 + 11 = 18。然后计算 3 + 3 = 6。然后计算 12 - 6 = 6。最后计算 18 + 6 = 24。</think>
(7 + 11) + (12 - (3 + 3))"
"2, 2, 4, 4, 4","计算24点。
使用数字 2, 2, 4, 4, 4，每个只能用一次。
先在 <think></think> 内写简短步骤。
</think> 后只输出最终公式。
<think>
","首先计算 4 + 4 = 8。然后计算 2 + 2 = 4。然后计算 4 * 4 = 16。最后计算 8 + 16 = 24。</think>
(4 + 4) + (4 * (2 + 2))"
"2, 3, 5, 6, 7","计算24点。
使用数字 2, 3, 5, 6, 7，每个只能用一次。
先在 <think></think> 内写简短步骤。
</think> 后只输出最终公式。
<think>
","首先计算 2 + 3 = 5。然后计算 7 * 5 = 35。然后计算 5 + 6 = 11。最后计算 35 - 11 = 24。</think>
(7 * (2 + 3)) - (5 + 6)"
"2, 2, 2, 6, 11","计算24点。
使用数字 2, 2, 2, 6, 11，每个只能用一次。
先在 <think></think> 内写简短步骤。
</think> 后只输出最终公式。
<think>
","首先计算 2 * 11 = 22。然后计算 2 + 2 = 4。然后计算 6 - 4 = 2。最后计算 22 + 2 = 24。</think>
(2 * 11) + (6 - (2 + 2))"
"2, 5, 10, 11, 12","计算24点。
使用数字 2, 5, 10, 11, 12，每个只能用一次。
先在 <think></think> 内写简短步骤。
</think> 后只输出最终公式。
<think>
","首先计算 10 - 11 = -1。然后计算 2 - 5 = -3。然后计算 -1 - -3 = 2。最后计算 12 * 2 = 24。</think>
12 * ((10 - 11) - (2 - 5))"
"3, 4, 12","计算24点。
使用数字 3, 4, 12，每个只能用一次。
先在 <think></think> 内写简短步骤。
</think> 后只输出最终公式。
<think>
","首先计算 3 * 4 = 12。最后计算 12 + 12 = 24。</think>
12 + (3 * 4)"
"1, 1, 4, 11, 12","计算24点。
使用数字 1, 1, 4, 11, 12，每个只能用一次。
先在 <think></think> 内写简短步骤。
</think> 后只输出最终公式。
<think>
","首先计算 1 + 1 = 2。然后计算 11 - 2 = 9。然后计算 4 * 9 = 36。最后计算 36 - 12 = 24。</think>
(4 * (11 - (1 + 1))) - 12"
"1, 5, 9, 10","计算24点。
使用数字 1, 5, 9, 10，每个只能用一次。
先在 <think></think> 内写简短步骤。
</think> 后只输出最终公式。
<think>
","首先计算 1 * 5 = 5。然后计算 9 + 10 = 19。最后计算 5 + 19 = 24。</think>
(1 * 5) + (9 + 10)"
"10, 10, 11, 12","计算24点。
使用数字 10, 10, 11, 12，每个只能用一次。
先在 <think></think> 内写简短步骤。
</think> 后只输出最终公式。
<think>
","首先计算 10 / 10 = 1。然后计算 11 + 12 = 23。最后计算 1 + 23 = 24。</think>
(10 / 10) + (11 + 12)"
"2, 3, 6, 11","计算24点。
使用数字 2, 3, 6, 11，每个只能用一次。
先在 <think></think> 内写简短步骤。
</think> 后只输出最终公式。
<think>
","首先计算 11 - 3 = 8。然后计算 2 / 6 = 0.33。最后计算 8 / 0.33 = 24。</think>
(11 - 3) / (2 / 6)"
"8, 9, 12","计算24点。
使用数字 8, 9, 12，每个只能用一次。
先在 <think></think> 内写简短步骤。
</think> 后只输出最终公式。
<think>
","首先计算 12 - 9 = 3。最后计算 8 * 3 = 24。</think>
8 * (12 - 9)"
"3, 7, 11, 12","计算24点。
使用数字 3, 7, 11, 12，每个只能用一次。
先在 <think></think> 内写简短步骤。
</think> 后只输出最终公式。
<think>
","首先计算 3 + 11 = 14。然后计算 7 / 12 = 0.58。最后计算 14 / 0.58 = 24。</think>
(3 + 11) / (7 / 12)"
"2, 4, 6, 12","计算24点。
使用数字 2, 4, 6, 12，每个只能用一次。
先在 <think></think> 内写简短步骤。
</think> 后只输出最终公式。
<think>
","首先计算 2 + 4 = 6。然后计算 6 + 12 = 18。最后计算 6 + 18 = 24。</think>
(2 + 4) + (6 + 12)"
"3, 6, 11, 12","计算24点。
使用数字 3, 6, 11, 12，每个只能用一次。
先在 <think></think> 内写简短步骤。
</think> 后只输出最终公式。
<think>
","首先计算 3 + 6 = 9。然后计算 11 - 9 = 2。最后计算 12 * 2 = 24。</think>
12 * (11 - (3 + 6))"
"1, 1, 2, 5, 8","计算24点。
使用数字 1, 1, 2, 5, 8，每个只能用一次。
先在 <think></think> 内写简短步骤。
</think> 后只输出最终公式。
<think>
","首先计算 5 + 8 = 13。然后计算 2 * 13 = 26。然后计算 1 + 1 = 2。最后计算 26 - 2 = 24。</think>
(2 * (5 + 8)) - (1 + 1)"
"5, 9, 10, 10","计算24点。
使用数字 5, 9, 10, 10，每个只能用一次。
先在 <think></think> 内写简短步骤。
</think> 后只输出最终公式。
<think>
","首先计算 10 + 10 = 20。然后计算 5 - 9 = -4。最后计算 20 - -4 = 24。</think>
(10 + 10) - (5 - 9)"
"2, 2, 6, 6","计算24点。
使用数字 2, 2, 6, 6，每个只能用一次。
先在 <think></think> 内写简短步骤。
</think> 后只输出最终公式。
<think>
","首先计算 2 + 6 = 8。然后计算 2 / 6 = 0.33。最后计算 8 / 0.33 = 24。</think>
(2 + 6) / (2 / 6)"
"7, 8, 9","计算24点。
使用数字 7, 8, 9，每个只能用一次。
先在 <think></think> 内写简短步骤。
</think> 后只输出最终公式。
<think>
","首先计算 7 + 8 = 15。最后计算 9 + 15 = 24。</think>
9 + (7 + 8)"
"1, 3, 4, 8","计算24点。
使用数字 1, 3, 4, 8，每个只能用一次。
先在 <think></think> 内写简短步骤。
</think> 后只输出最终公式。
<think>
","首先计算 1 + 3 = 4。然后计算 4 * 4 = 16。最后计算 8 + 16 = 24。</think>
8 + (4 * (1 + 3))"
"1, 4, 7, 12, 12","计算24点。
使用数字 1, 4, 7, 12, 12，每个只能用一次。
先在 <think></think> 内写简短步骤。
</think> 后只输出最终公式。
<think>
","首先计算 7 * 12 = 84。然后计算 1 + 4 = 5。然后计算 12 * 5 = 60。最后计算 84 - 60 = 24。</think>
(7 * 12) - (12 * (1 + 4))"
"1, 1, 4, 10, 10","计算24点。
使用数字 1, 1, 4, 10, 10，每个只能用一次。
先在 <think></think> 内写简短步骤。
</think> 后只输出最终公式。
<think>
","首先计算 1 + 1 = 2。然后计算 4 / 10 = 0.40。然后计算 2 + 0.40 = 2.40。最后计算 10 * 2.40 = 24。</think>
10 * ((1 + 1) + (4 / 10))"
"9, 9, 10, 10, 13","计算24点。
使用数字 9, 9, 10, 10, 13，每个只能用一次。
先在 <think></think> 内写简短步骤。
</think> 后只输出最终公式。
<think>
","首先计算 10 - 13 = -3。然后计算 9 + 9 = 18。然后计算 10 - 18 = -8。最后计算 -3 * -8 = 24。</think>
(10 - 13) * (10 - (9 + 9))"
"1, 3, 4, 10","计算24点。
使用数字 1, 3, 4, 10，每个只能用一次。
先在 <think></think> 内写简短步骤。
</think> 后只输出最终公式。
<think>
","首先计算 1 + 3 = 4。然后计算 10 - 4 = 6。最后计算 4 * 6 = 24。</think>
(1 + 3) * (10 - 4)"
"6, 7, 11, 12","计算24点。
使用数字 6, 7, 11, 12，每个只能用一次。
先在 <think></think> 内写简短步骤。
</think> 后只输出最终公式。
<think>
","首先计算 6 + 7 = 13。然后计算 13 - 11 = 2。最后计算 12 * 2 = 24。</think>
12 * ((6 + 7) - 11)"
"1, 1, 1, 5, 7","计算24点。
使用数字 1, 1, 1, 5, 7，每个只能用一次。
先在 <think></think> 内写简短步骤。
</think> 后只输出最终公式。
<think>
","首先计算 1 + 1 = 2。然后计算 1 * 5 = 5。然后计算 7 + 5 = 12。最后计算 2 * 12 = 24。</think>
(1 + 1) * (7 + (1 * 5))"
"9, 9, 9, 11, 13","计算24点。
使用数字 9, 9, 9, 11, 13，每个只能用一次。
先在 <think></think> 内写简短步骤。
</think> 后只输出最终公式。
<think>
","首先计算 9 - 9 = 0。然后计算 9 * 0 = 0。然后计算 11 + 13 = 24。最后计算 0 + 24 = 24。</think>
(9 * (9 - 9)) + (11 + 13)"
"3, 3, 7","计算24点。
使用数字 3, 3, 7，每个只能用一次。
先在 <think></think> 内写简短步骤。
</think> 后只输出最终公式。
<think>
","首先计算 3 * 7 = 21。最后计算 3 + 21 = 24。</think>
3 + (3 * 7)"
"6, 7, 7, 10","计算24点。
使用数字 6, 7, 7, 10，每个只能用一次。
先在 <think></think> 内写简短步骤。
</think> 后只输出最终公式。
<think>
","首先计算 7 + 7 = 14。然后计算 14 - 10 = 4。最后计算 6 * 4 = 24。</think>
6 * ((7 + 7) - 10)"
"1, 2, 9, 12","计算24点。
使用数字 1, 2, 9, 12，每个只能用一次。
先在 <think></think> 内写简短步骤。
</think> 后只输出最终公式。
<think>
","首先计算 1 + 2 = 3。然后计算 9 + 12 = 21。最后计算 3 + 21 = 24。</think>
(1 + 2) + (9 + 12)"
"3, 7, 7, 8","计算24点。
使用数字 3, 7, 7, 8，每个只能用一次。
先在 <think></think> 内写简短步骤。
</think> 后只输出最终公式。
<think>
","首先计算 3 + 7 = 10。然后计算 10 - 7 = 3。最后计算 8 * 3 = 24。</think>
8 * ((3 + 7) - 7)"
"3, 4, 9","计算24点。
使用数字 3, 4, 9，每个只能用一次。
先在 <think></think> 内写简短步骤。
</think> 后只输出最终公式。
<think>
","首先计算 9 - 3 = 6。最后计算 4 * 6 = 24。</think>
4 * (9 - 3)"
"4, 10, 10","计算24点。
使用数字 4, 10, 10，每个只能用一次。
先在 <think></think> 内写简短步骤。
</think> 后只输出最终公式。
<think>
","首先计算 4 + 10 = 14。最后计算 10 + 14 = 24。</think>
10 + (4 + 10)"
"1, 4, 4, 6","计算24点。
使用数字 1, 4, 4, 6，每个只能用一次。
先在 <think></think> 内写简短步骤。
</think> 后只输出最终公式。
<think>
","首先计算 1 + 6 = 7。然后计算 4 * 7 = 28。最后计算 28 - 4 = 24。</think>
(4 * (1 + 6)) - 4"
"7, 8, 11, 12","计算24点。
使用数字 7, 8, 11, 12，每个只能用一次。
先在 <think></think> 内写简短步骤。
</think> 后只输出最终公式。
<think>
","首先计算 11 + 12 = 23。然后计算 7 - 8 = -1。最后计算 23 - -1 = 24。</think>
(11 + 12) - (7 - 8)"
"4, 6, 8","计算24点。
使用数字 4, 6, 8，每个只能用一次。
先在 <think></think> 内写简短步骤。
</think> 后只输出最终公式。
<think>
","首先计算 8 - 4 = 4。最后计算 6 * 4 = 24。</think>
6 * (8 - 4)"
"2, 2, 10, 10, 12","计算24点。
使用数字 2, 2, 10, 10, 12，每个只能用一次。
先在 <think></think> 内写简短步骤。
</think> 后只输出最终公式。
<think>
","首先计算 2 + 2 = 4。然后计算 10 - 12 = -2。然后计算 10 * -2 = -20。最后计算 4 - -20 = 24。</think>
(2 + 2) - (10 * (10 - 12))"
"2, 4, 4, 10, 12","计算24点。
使用数字 2, 4, 4, 10, 12，每个只能用一次。
先在 <think></think> 内写简短步骤。
</think> 后只输出最终公式。
<think>
","首先计算 2 + 4 = 6。然后计算 12 + 6 = 18。然后计算 4 - 10 = -6。最后计算 18 - -6 = 24。</think>
(12 + (2 + 4)) - (4 - 10)"
"4, 5, 6, 9, 11","计算24点。
使用数字 4, 5, 6, 9, 11，每个只能用一次。
先在 <think></think> 内写简短步骤。
</think> 后只输出最终公式。
<think>
","首先计算 9 - 6 = 3。然后计算 11 * 3 = 33。然后计算 4 + 5 = 9。最后计算 33 - 9 = 24。</think>
(11 * (9 - 6)) - (4 + 5)"
"4, 4, 4, 4, 10","计算24点。
使用数字 4, 4, 4, 4, 10，每个只能用一次。
先在 <think></think> 内写简短步骤。
</think> 后只输出最终公式。
<think>
","首先计算 4 + 10 = 14。然后计算 4 + 4 = 8。然后计算 14 - 8 = 6。最后计算 4 * 6 = 24。</think>
4 * ((4 + 10) - (4 + 4))"
"2, 2, 8, 8","计算24点。
使用数字 2, 2, 8, 8，每个只能用一次。
先在 <think></think> 内写简短步骤。
</think> 后只输出最终公式。
<think>
","首先计算 2 + 2 = 4。然后计算 8 * 4 = 32。最后计算 32 - 8 = 24。</think>
(8 * (2 + 2)) - 8"
"2, 2, 2, 3","计算24点。
使用数字 2, 2, 2, 3，每个只能用一次。
先在 <think></think> 内写简短步骤。
</think> 后只输出最终公式。
<think>
","首先计算 2 + 2 = 4。然后计算 2 * 3 = 6。最后计算 4 * 6 = 24。</think>
(2 + 2) * (2 * 3)"
"8, 9, 11, 12, 13","计算24点。
使用数字 8, 9, 11, 12, 13，每个只能用一次。
先在 <think></think> 内写简短步骤。
</think> 后只输出最终公式。
<think>
","首先计算 11 - 13 = -2。然后计算 8 - 9 = -1。然后计算 12 * -1 = -12。最后计算 -2 * -12 = 24。</think>
(11 - 13) * (12 * (8 - 9))"
"2, 2, 3, 11, 12","计算24点。
使用数字 2, 2, 3, 11, 12，每个只能用一次。
先在 <think></think> 内写简短步骤。
</think> 后只输出最终公式。
<think>
","首先计算 2 + 2 = 4。然后计算 12 + 4 = 16。然后计算 3 - 11 = -8。最后计算 16 - -8 = 24。</think>
(12 + (2 + 2)) - (3 - 11)"
"7, 7, 10, 10, 10","计算24点。
使用数字 7, 7, 10, 10, 10，每个只能用一次。
先在 <think></think> 内写简短步骤。
</think> 后只输出最终公式。
<think>
","首先计算 10 + 10 = 20。然后计算 7 + 7 = 14。然后计算 10 - 14 = -4。最后计算 20 - -4 = 24。</think>
(10 + 10) - (10 - (7 + 7))"
"4, 6, 13, 13","计算24点。
使用数字 4, 6, 13, 13，每个只能用一次。
先在 <think></think> 内写简短步骤。
</think> 后只输出最终公式。
<think>
","首先计算 4 - 6 = -2。然后计算 13 + 13 = 26。最后计算 -2 + 26 = 24。</think>
(4 - 6) + (13 + 13)"
"1, 5, 6","计算24点。
使用数字 1, 5, 6，每个只能用一次。
先在 <think></think> 内写简短步骤。
</think> 后只输出最终公式。
<think>
","首先计算 5 - 1 = 4。最后计算 6 * 4 = 24。</think>
6 * (5 - 1)"
"1, 12, 13","计算24点。
使用数字 1, 12, 13，每个只能用一次。
先在 <think></think> 内写简短步骤。
</think> 后只输出最终公式。
<think>
","首先计算 1 - 12 = -11。最后计算 13 - -11 = 24。</think>
13 - (1 - 12)"
"4, 4, 10","计算24点。
使用数字 4, 4, 10，每个只能用一次。
先在 <think></think> 内写简短步骤。
</think> 后只输出最终公式。
<think>
","首先计算 10 - 4 = 6。最后计算 4 * 6 = 24。</think>
4 * (10 - 4)"
"4, 7, 7, 7, 9","计算24点。
使用数字 4, 7, 7, 7, 9，每个只能用一次。
先在 <think></think> 内写简短步骤。
</think> 后只输出最终公式。
<think>
","首先计算 4 - 7 = -3。然后计算 7 / 7 = 1。然后计算 1 - 9 = -8。最后计算 -3 * -8 = 24。</think>
(4 - 7) * ((7 / 7) - 9)"
"1, 5, 8, 10, 12","计算24点。
使用数字 1, 5, 8, 10, 12，每个只能用一次。
先在 <think></think> 内写简短步骤。
</think> 后只输出最终公式。
<think>
","首先计算 8 + 10 = 18。然后计算 1 + 5 = 6。然后计算 12 - 6 = 6。最后计算 18 + 6 = 24。</think>
(8 + 10) + (12 - (1 + 5))"
"5, 5, 5, 8, 10","计算24点。
使用数字 5, 5, 5, 8, 10，每个只能用一次。
先在 <think></think> 内写简短步骤。
</think> 后只输出最终公式。
<think>
","首先计算 5 * 5 = 25。然后计算 25 - 10 = 15。然后计算 5 / 8 = 0.62。最后计算 15 / 0.62 = 24。</think>
((5 * 5) - 10) / (5 / 8)"
"2, 2, 11, 11","计算24点。
使用数字 2, 2, 11, 11，每个只能用一次。
先在 <think></think> 内写简短步骤。
</think> 后只输出最终公式。
<think>
","首先计算 2 / 11 = 0.18。然后计算 2 + 0.18 = 2.18。最后计算 11 * 2.18 = 24。</think>
11 * (2 + (2 / 11))"
"8, 8, 9, 12, 13","计算24点。
使用数字 8, 8, 9, 12, 13，每个只能用一次。
先在 <think></think> 内写简短步骤。
</think> 后只输出最终公式。
<think>
","首先计算 9 + 12 = 21。然后计算 8 + 8 = 16。然后计算 13 - 16 = -3。最后计算 21 - -3 = 24。</think>
(9 + 12) - (13 - (8 + 8))"
"3, 4, 6, 9, 13","计算24点。
使用数字 3, 4, 6, 9, 13，每个只能用一次。
先在 <think></think> 内写简短步骤。
</think> 后只输出最终公式。
<think>
","首先计算 3 - 4 = -1。然后计算 6 * -1 = -6。然后计算 9 - 13 = -4。最后计算 -6 * -4 = 24。</think>
(6 * (3 - 4)) * (9 - 13)"
"3, 4, 4, 7, 11","计算24点。
使用数字 3, 4, 4, 7, 11，每个只能用一次。
先在 <think></think> 内写简短步骤。
</think> 后只输出最终公式。
<think>
","首先计算 4 * 7 = 28。然后计算 3 + 4 = 7。然后计算 11 - 7 = 4。最后计算 28 - 4 = 24。</think>
(4 * 7) - (11 - (3 + 4))"
"1, 3, 8","计算24点。
使用数字 1, 3, 8，每个只能用一次。
先在 <think></think> 内写简短步骤。
</think> 后只输出最终公式。
<think>
","首先计算 1 * 3 = 3。最后计算 8 * 3 = 24。</think>
8 * (1 * 3)"
"5, 5, 8, 10","计算24点。
使用数字 5, 5, 8, 10，每个只能用一次。
先在 <think></think> 内写简短步骤。
</think> 后只输出最终公式。
<think>
","首先计算 5 + 10 = 15。然后计算 5 / 8 = 0.62。最后计算 15 / 0.62 = 24。</think>
(5 + 10) / (5 / 8)"
"1, 4, 5, 9","计算24点。
使用数字 1, 4, 5, 9，每个只能用一次。
先在 <think></think> 内写简短步骤。
</think> 后只输出最终公式。
<think>
","首先计算 1 - 4 = -3。然后计算 5 * -3 = -15。最后计算 9 - -15 = 24。</think>
9 - (5 * (1 - 4))"
"1, 2, 11, 13","计算24点。
使用数字 1, 2, 11, 13，每个只能用一次。
先在 <think></think> 内写简短步骤。
</think> 后只输出最终公式。
<think>
","首先计算 1 - 2 = -1。然后计算 11 * -1 = -11。最后计算 13 - -11 = 24。</think>
13 - (11 * (1 - 2))"
"2, 4, 4, 6, 8","计算24点。
使用数字 2, 4, 4, 6, 8，每个只能用一次。
先在 <think></think> 内写简短步骤。
</think> 后只输出最终公式。
<think>
","首先计算 4 + 6 = 10。然后计算 2 + 4 = 6。然后计算 8 + 6 = 14。最后计算 10 + 14 = 24。</think>
(4 + 6) + (8 + (2 + 4))"
"5, 6, 7, 9","计算24点。
使用数字 5, 6, 7, 9，每个只能用一次。
先在 <think></think> 内写简短步骤。
</think> 后只输出最终公式。
<think>
","首先计算 5 - 7 = -2。然后计算 9 * -2 = -18。最后计算 6 - -18 = 24。</think>
6 - (9 * (5 - 7))"
"2, 6, 7, 8, 10","计算24点。
使用数字 2, 6, 7, 8, 10，每个只能用一次。
先在 <think></think> 内写简短步骤。
</think> 后只输出最终公式。
<think>
","首先计算 2 + 6 = 8。然后计算 10 * 8 = 80。然后计算 7 * 8 = 56。最后计算 80 - 56 = 24。</think>
(10 * (2 + 6)) - (7 * 8)"
"6, 8, 9, 10","计算24点。
使用数字 6, 8, 9, 10，每个只能用一次。
先在 <think></think> 内写简短步骤。
</think> 后只输出最终公式。
<think>
","首先计算 8 - 10 = -2。然后计算 9 * -2 = -18。最后计算 6 - -18 = 24。</think>
6 - (9 * (8 - 10))"
"7, 8, 8, 13","计算24点。
使用数字 7, 8, 8, 13，每个只能用一次。
先在 <think></think> 内写简短步骤。
</think> 后只输出最终公式。
<think>
","首先计算 8 + 13 = 21。然后计算 7 / 8 = 0.88。最后计算 21 / 0.88 = 24。</think>
(8 + 13) / (7 / 8)"
"2, 2, 8, 10","计算24点。
使用数字 2, 2, 8, 10，每个只能用一次。
先在 <think></think> 内写简短步骤。
</think> 后只输出最终公式。
<think>
","首先计算 2 * 8 = 16。然后计算 2 - 10 = -8。最后计算 16 - -8 = 24。</think>
(2 * 8) - (2 - 10)"
"1, 2, 5, 9, 9","计算24点。
使用数字 1, 2, 5, 9, 9，每个只能用一次。
先在 <think></think> 内写简短步骤。
</think> 后只输出最终公式。
<think>
","首先计算 5 - 9 = -4。然后计算 1 + 2 = 3。然后计算 3 - 9 = -6。最后计算 -4 * -6 = 24。</think>
(5 - 9) * ((1 + 2) - 9)"
"1, 4, 5, 10, 11","计算24点。
使用数字 1, 4, 5, 10, 11，每个只能用一次。
先在 <think></think> 内写简短步骤。
</think> 后只输出最终公式。
<think>
","首先计算 1 + 4 = 5。然后计算 5 * 5 = 25。然后计算 10 - 11 = -1。最后计算 25 + -1 = 24。</think>
(5 * (1 + 4)) + (10 - 11)"
"3, 4, 5, 6, 13","计算24点。
使用数字 3, 4, 5, 6, 13，每个只能用一次。
先在 <think></think> 内写简短步骤。
</think> 后只输出最终公式。
<think>
","首先计算 5 * 6 = 30。然后计算 3 + 4 = 7。然后计算 13 - 7 = 6。最后计算 30 - 6 = 24。</think>
(5 * 6) - (13 - (3 + 4))"
"6, 6, 10","计算24点。
使用数字 6, 6, 10，每个只能用一次。
先在 <think></think> 内写简短步骤。
</think> 后只输出最终公式。
<think>
","首先计算 10 - 6 = 4。最后计算 6 * 4 = 24。</think>
6 * (10 - 6)"
"5, 5, 5, 10, 13","计算24点。
使用数字 5, 5, 5, 10, 13，每个只能用一次。
先在 <think></think> 内写简短步骤。
</think> 后只输出最终公式。
<think>
","首先计算 10 * 13 = 130。然后计算 5 + 5 = 10。然后计算 130 - 10 = 120。最后计算 120 / 5 = 24。</think>
((10 * 13) - (5 + 5)) / 5"
"8, 9, 10, 10, 11","计算24点。
使用数字 8, 9, 10, 10, 11，每个只能用一次。
先在 <think></think> 内写简短步骤。
</think> 后只输出最终公式。
<think>
","首先计算 8 - 10 = -2。然后计算 9 - 10 = -1。然后计算 -1 - 11 = -12。最后计算 -2 * -12 = 24。</think>
(8 - 10) * ((9 - 10) - 11)"
"2, 2, 3, 10","计算24点。
使用数字 2, 2, 3, 10，每个只能用一次。
先在 <think></think> 内写简短步骤。
</think> 后只输出最终公式。
<think>
","首先计算 3 + 10 = 13。然后计算 2 * 13 = 26。最后计算 26 - 2 = 24。</think>
(2 * (3 + 10)) - 2"
"10, 10, 11, 12, 13","计算24点。
使用数字 10, 10, 11, 12, 13，每个只能用一次。
先在 <think></think> 内写简短步骤。
</think> 后只输出最终公式。
<think>
","首先计算 11 + 13 = 24。然后计算 10 - 10 = 0。然后计算 12 * 0 = 0。最后计算 24 + 0 = 24。</think>
(11 + 13) + (12 * (10 - 10))"
"2, 2, 8, 12","计算24点。
使用数字 2, 2, 8, 12，每个只能用一次。
先在 <think></think> 内写简短步骤。
</think> 后只输出最终公式。
<think>
","首先计算 2 + 2 = 4。然后计算 8 + 12 = 20。最后计算 4 + 20 = 24。</think>
(2 + 2) + (8 + 12)"
"2, 4, 8","计算24点。
使用数字 2, 4, 8，每个只能用一次。
先在 <think></think> 内写简短步骤。
</think> 后只输出最终公式。
<think>
","首先计算 4 + 8 = 12。最后计算 2 * 12 = 24。</think>
2 * (4 + 8)"
"2, 4, 5, 5, 8","计算24点。
使用数字 2, 4, 5, 5, 8，每个只能用一次。
先在 <think></think> 内写简短步骤。
</think> 后只输出最终公式。
<think>
","首先计算 5 + 5 = 10。然后计算 2 + 4 = 6。然后计算 8 + 6 = 14。最后计算 10 + 14 = 24。</think>
(5 + 5) + (8 + (2 + 4))"
"2, 8, 8, 11","计算24点。
使用数字 2, 8, 8, 11，每个只能用一次。
先在 <think></think> 内写简短步骤。
</think> 后只输出最终公式。
<think>
","首先计算 8 / 8 = 1。然后计算 11 + 1 = 12。最后计算 2 * 12 = 24。</think>
2 * (11 + (8 / 8))"
"2, 8, 10, 10","计算24点。
使用数字 2, 8, 10, 10，每个只能用一次。
先在 <think></think> 内写简短步骤。
</think> 后只输出最终公式。
<think>
","首先计算 2 + 10 = 12。然后计算 10 - 8 = 2。最后计算 12 * 2 = 24。</think>
(2 + 10) * (10 - 8)"
"1, 7, 8, 8, 9","计算24点。
使用数字 1, 7, 8, 8, 9，每个只能用一次。
先在 <think></think> 内写简短步骤。
</think> 后只输出最终公式。
<think>
","首先计算 8 * 9 = 72。然后计算 1 - 7 = -6。然后计算 8 * -6 = -48。最后计算 72 + -48 = 24。</think>
(8 * 9) + (8 * (1 - 7))"
"6, 7, 10, 11, 11","计算24点。
使用数字 6, 7, 10, 11, 11，每个只能用一次。
先在 <think></think> 内写简短步骤。
</think> 后只输出最终公式。
<think>
","首先计算 6 + 7 = 13。然后计算 10 - 11 = -1。然后计算 11 * -1 = -11。最后计算 13 - -11 = 24。</think>
(6 + 7) - (11 * (10 - 11))"
"6, 8, 11, 13","计算24点。
使用数字 6, 8, 11, 13，每个只能用一次。
先在 <think></think> 内写简短步骤。
</think> 后只输出最终公式。
<think>
","首先计算 6 * 8 = 48。然后计算 11 + 13 = 24。最后计算 48 - 24 = 24。</think>
(6 * 8) - (11 + 13)"
"1, 3, 12","计算24点。
使用数字 1, 3, 12，每个只能用一次。
先在 <think></think> 内写简短步骤。
</think> 后只输出最终公式。
<think>
","首先计算 3 - 1 = 2。最后计算 12 * 2 = 24。</think>
12 * (3 - 1)"
"6, 6, 7, 12","计算24点。
使用数字 6, 6, 7, 12，每个只能用一次。
先在 <think></think> 内写简短步骤。
</think> 后只输出最终公式。
<think>
","首先计算 6 * 7 = 42。然后计算 6 + 12 = 18。最后计算 42 - 18 = 24。</think>
(6 * 7) - (6 + 12)"
"1, 2, 2, 10, 10","计算24点。
使用数字 1, 2, 2, 10, 10，每个只能用一次。
先在 <think></think> 内写简短步骤。
</think> 后只输出最终公式。
<think>
","首先计算 1 + 2 = 3。然后计算 10 - 3 = 7。然后计算 2 * 7 = 14。最后计算 10 + 14 = 24。</think>
10 + (2 * (10 - (1 + 2)))"
"3, 5, 5, 9, 11","计算24点。
使用数字 3, 5, 5, 9, 11，每个只能用一次。
先在 <think></think> 内写简短步骤。
</think> 后只输出最终公式。
<think>
","首先计算 3 + 5 = 8。然后计算 5 + 9 = 14。然后计算 14 - 11 = 3。最后计算 8 * 3 = 24。</think>
(3 + 5) * ((5 + 9) - 11)"
"3, 3, 5, 7","计算24点。
使用数字 3, 3, 5, 7，每个只能用一次。
先在 <think></think> 内写简短步骤。
</think> 后只输出最终公式。
<think>
","首先计算 3 * 5 = 15。然后计算 15 - 7 = 8。最后计算 3 * 8 = 24。</think>
3 * ((3 * 5) - 7)"
"2, 5, 12, 13","计算24点。
使用数字 2, 5, 12, 13，每个只能用一次。
先在 <think></think> 内写简短步骤。
</think> 后只输出最终公式。
<think>
","首先计算 5 + 13 = 18。然后计算 2 * 18 = 36。最后计算 36 - 12 = 24。</think>
(2 * (5 + 13)) - 12"
"3, 3, 4","计算24点。
使用数字 3, 3, 4，每个只能用一次。
先在 <think></think> 内写简短步骤。
</think> 后只输出最终公式。
<think>
","首先计算 3 + 3 = 6。最后计算 4 * 6 = 24。</think>
4 * (3 + 3)"
"3, 6, 7, 13","计算24点。
使用数字 3, 6, 7, 13，每个只能用一次。
先在 <think></think> 内写简短步骤。
</think> 后只输出最终公式。
<think>
","首先计算 3 * 6 = 18。然后计算 7 - 13 = -6。最后计算 18 - -6 = 24。</think>
(3 * 6) - (7 - 13)"
"3, 5, 9","计算24点。
使用数字 3, 5, 9，每个只能用一次。
先在 <think></think> 内写简短步骤。
</think> 后只输出最终公式。
<think>
","首先计算 3 * 5 = 15。最后计算 9 + 15 = 24。</think>
9 + (3 * 5)"
"5, 7, 12","计算24点。
使用数字 5, 7, 12，每个只能用一次。
先在 <think></think> 内写简短步骤。
</think> 后只输出最终公式。
<think>
","首先计算 5 + 7 = 12。最后计算 12 + 12 = 24。</think>
12 + (5 + 7)"
"1, 1, 5, 10, 13","计算24点。
使用数字 1, 1, 5, 10, 13，每个只能用一次。
先在 <think></think> 内写简短步骤。
</think> 后只输出最终公式。
<think>
","首先计算 5 * 10 = 50。然后计算 1 + 1 = 2。然后计算 13 * 2 = 26。最后计算 50 - 26 = 24。</think>
(5 * 10) - (13 * (1 + 1))"
"1, 5, 11, 12, 13","计算24点。
使用数字 1, 5, 11, 12, 13，每个只能用一次。
先在 <think></think> 内写简短步骤。
</think> 后只输出最终公式。
<think>
","首先计算 1 + 5 = 6。然后计算 11 - 13 = -2。然后计算 6 * -2 = -12。最后计算 12 - -12 = 24。</think>
12 - ((1 + 5) * (11 - 13))"
"9, 9, 10, 13","计算24点。
使用数字 9, 9, 10, 13，每个只能用一次。
先在 <think></think> 内写简短步骤。
</think> 后只输出最终公式。
<think>
","首先计算 9 / 9 = 1。然后计算 10 + 13 = 23。最后计算 1 + 23 = 24。</think>
(9 / 9) + (10 + 13)"
"2, 2, 3, 3, 4","计算24点。
使用数字 2, 2, 3, 3, 4，每个只能用一次。
先在 <think></think> 内写简短步骤。
</think> 后只输出最终公式。
<think>
","首先计算 3 * 4 = 12。然后计算 2 + 2 = 4。然后计算 3 * 4 = 12。最后计算 12 + 12 = 24。</think>
(3 * 4) + (3 * (2 + 2))"
"2, 3, 3, 7, 12","计算24点。
使用数字 2, 3, 3, 7, 12，每个只能用一次。
先在 <think></think> 内写简短步骤。
</think> 后只输出最终公式。
<think>
","首先计算 3 + 7 = 10。然后计算 2 + 3 = 5。然后计算 12 / 5 = 2.40。最后计算 10 * 2.40 = 24。</think>
(3 + 7) * (12 / (2 + 3))"
"2, 7, 10","计算24点。
使用数字 2, 7, 10，每个只能用一次。
先在 <think></think> 内写简短步骤。
</think> 后只输出最终公式。
<think>
","首先计算 2 * 7 = 14。最后计算 10 + 14 = 24。</think>
10 + (2 * 7)"
"3, 4, 4, 11, 12","计算24点。
使用数字 3, 4, 4, 11, 12，每个只能用一次。
先在 <think></think> 内写简短步骤。
</think> 后只输出最终公式。
<think>
","首先计算 3 + 4 = 7。然后计算 11 - 12 = -1。然后计算 7 + -1 = 6。最后计算 4 * 6 = 24。</think>
4 * ((3 + 4) + (11 - 12))"
"1, 1, 4, 5, 8","计算24点。
使用数字 1, 1, 4, 5, 8，每个只能用一次。
先在 <think></think> 内写简短步骤。
</think> 后只输出最终公式。
<think>
","首先计算 1 + 1 = 2。然后计算 4 - 5 = -1。然后计算 2 - -1 = 3。最后计算 8 * 3 = 24。</think>
8 * ((1 + 1) - (4 - 5))"
"1, 1, 5, 7","计算24点。
使用数字 1, 1, 5, 7，每个只能用一次。
先在 <think></think> 内写简短步骤。
</think> 后只输出最终公式。
<think>
","首先计算 1 + 1 = 2。然后计算 5 + 7 = 12。最后计算 2 * 12 = 24。</think>
(1 + 1) * (5 + 7)"
"5, 6, 9","计算24点。
使用数字 5, 6, 9，每个只能用一次。
先在 <think></think> 内写简短步骤。
</think> 后只输出最终公式。
<think>
","首先计算 9 - 5 = 4。最后计算 6 * 4 = 24。</think>
6 * (9 - 5)"
"1, 3, 6, 8, 12","计算24点。
使用数字 1, 3, 6, 8, 12，每个只能用一次。
先在 <think></think> 内写简短步骤。
</think> 后只输出最终公式。
<think>
","首先计算 1 + 3 = 4。然后计算 6 - 8 = -2。然后计算 4 + -2 = 2。最后计算 12 * 2 = 24。</think>
12 * ((1 + 3) + (6 - 8))"
"1, 2, 7, 10","计算24点。
使用数字 1, 2, 7, 10，每个只能用一次。
先在 <think></think> 内写简短步骤。
</think> 后只输出最终公式。
<think>
","首先计算 1 * 2 = 2。然后计算 7 * 2 = 14。最后计算 10 + 14 = 24。</think>
10 + (7 * (1 * 2))"
"4, 6, 12","计算24点。
使用数字 4, 6, 12，每个只能用一次。
先在 <think></think> 内写简短步骤。
</think> 后只输出最终公式。
<think>
","首先计算 6 - 4 = 2。最后计算 12 * 2 = 24。</think>
12 * (6 - 4)"
"6, 12, 12, 12, 12","计算24点。
使用数字 6, 12, 12, 12, 12，每个只能用一次。
先在 <think></think> 内写简短步骤。
</think> 后只输出最终公式。
<think>
","首先计算 12 * 12 = 144。然后计算 6 + 12 = 18。然后计算 18 - 12 = 6。最后计算 144 / 6 = 24。</think>
(12 * 12) / ((6 + 12) - 12)"
"2, 8, 10, 13","计算24点。
使用数字 2, 8, 10, 13，每个只能用一次。
先在 <think></think> 内写简短步骤。
</think> 后只输出最终公式。
<think>
","首先计算 2 * 13 = 26。然后计算 8 - 10 = -2。最后计算 26 + -2 = 24。</think>
(2 * 13) + (8 - 10)"
"3, 3, 5, 5, 8","计算24点。
使用数字 3, 3, 5, 5, 8，每个只能用一次。
先在 <think></think> 内写简短步骤。
</think> 后只输出最终公式。
<think>
","首先计算 5 + 5 = 10。然后计算 3 + 3 = 6。然后计算 8 + 6 = 14。最后计算 10 + 14 = 24。</think>
(5 + 5) + (8 + (3 + 3))"
"1, 10, 12, 12, 13","计算24点。
使用数字 1, 10, 12, 12, 13，每个只能用一次。
先在 <think></think> 内写简短步骤。
</think> 后只输出最终公式。
<think>
","首先计算 12 - 12 = 0。然后计算 1 + 10 = 11。然后计算 13 + 11 = 24。最后计算 0 + 24 = 24。</think>
(12 - 12) + (13 + (1 + 10))"
"6, 12, 12","计算24点。
使用数字 6, 12, 12，每个只能用一次。
先在 <think></think> 内写简短步骤。
</think> 后只输出最终公式。
<think>
","首先计算 6 / 12 = 0.50。最后计算 12 / 0.50 = 24。</think>
12 / (6 / 12)"
"2, 3, 9","计算24点。
使用数字 2, 3, 9，每个只能用一次。
先在 <think></think> 内写简短步骤。
</think> 后只输出最终公式。
<think>
","首先计算 3 + 9 = 12。最后计算 2 * 12 = 24。</think>
2 * (3 + 9)"
"2, 2, 10, 11","计算24点。
使用数字 2, 2, 10, 11，每个只能用一次。
先在 <think></think> 内写简短步骤。
</think> 后只输出最终公式。
<think>
","首先计算 2 * 11 = 22。然后计算 22 - 10 = 12。最后计算 2 * 12 = 24。</think>
2 * ((2 * 11) - 10)"
"2, 5, 5, 8","计算24点。
使用数字 2, 5, 5, 8，每个只能用一次。
先在 <think></think> 内写简短步骤。
</think> 后只输出最终公式。
<think>
","首先计算 5 / 5 = 1。然后计算 2 + 1 = 3。最后计算 8 * 3 = 24。</think>
8 * (2 + (5 / 5))"
"4, 4, 5","计算24点。
使用数字 4, 4, 5，每个只能用一次。
先在 <think></think> 内写简短步骤。
</think> 后只输出最终公式。
<think>
","首先计算 4 * 5 = 20。最后计算 4 + 20 = 24。</think>
4 + (4 * 5)"
"1, 1, 2, 11","计算24点。
使用数字 1, 1, 2, 11，每个只能用一次。
先在 <think></think> 内写简短步骤。
</think> 后只输出最终公式。
<think>
","首先计算 1 + 1 = 2。然后计算 2 * 11 = 22。最后计算 2 + 22 = 24。</think>
(1 + 1) + (2 * 11)"
"5, 5, 5, 12, 12","计算24点。
使用数字 5, 5, 5, 12, 12，每个只能用一次。
先在 <think></think> 内写简短步骤。
</think> 后只输出最终公式。
<think>
","首先计算 5 - 5 = 0。然后计算 5 * 0 = 0。然后计算 12 + 12 = 24。最后计算 0 + 24 = 24。</think>
(5 * (5 - 5)) + (12 + 12)"
"1, 3, 10, 10, 10","计算24点。
使用数字 1, 3, 10, 10, 10，每个只能用一次。
先在 <think></think> 内写简短步骤。
</think> 后只输出最终公式。
<think>
","首先计算 10 - 1 = 9。然后计算 10 / 10 = 1。然后计算 9 - 1 = 8。最后计算 3 * 8 = 24。</think>
3 * ((10 - 1) - (10 / 10))"
"3, 9, 9, 11","计算24点。
使用数字 3, 9, 9, 11，每个只能用一次。
先在 <think></think> 内写简短步骤。
</think> 后只输出最终公式。
<think>
","首先计算 3 + 9 = 12。然后计算 11 - 9 = 2。最后计算 12 * 2 = 24。</think>
(3 + 9) * (11 - 9)"
"4, 7, 7, 8","计算24点。
使用数字 4, 7, 7, 8，每个只能用一次。
先在 <think></think> 内写简短步骤。
</think> 后只输出最终公式。
<think>
","首先计算 7 + 7 = 14。然后计算 14 - 8 = 6。最后计算 4 * 6 = 24。</think>
4 * ((7 + 7) - 8)"
"5, 5, 10, 13","计算24点。
使用数字 5, 5, 10, 13，每个只能用一次。
先在 <think></think> 内写简短步骤。
</think> 后只输出最终公式。
<think>
","首先计算 5 / 5 = 1。然后计算 10 + 13 = 23。最后计算 1 + 23 = 24。</think>
(5 / 5) + (10 + 13)"
"1, 1, 12","计算24点。
使用数字 1, 1, 12，每个只能用一次。
先在 <think></think> 内写简短步骤。
</think> 后只输出最终公式。
<think>
","首先计算 1 + 1 = 2。最后计算 12 * 2 = 24。</think>
12 * (1 + 1)"
"3, 5, 8, 13","计算24点。
使用数字 3, 5, 8, 13，每个只能用一次。
先在 <think></think> 内写简短步骤。
</think> 后只输出最终公式。
<think>
","首先计算 5 * 8 = 40。然后计算 3 + 13 = 16。最后计算 40 - 16 = 24。</think>
(5 * 8) - (3 + 13)"
"6, 9, 13","计算24点。
使用数字 6, 9, 13，每个只能用一次。
先在 <think></think> 内写简短步骤。
</think> 后只输出最终公式。
<think>
","首先计算 13 - 9 = 4。最后计算 6 * 4 = 24。</think>
6 * (13 - 9)"
"1, 1, 4, 6, 10","计算24点。
使用数字 1, 1, 4, 6, 10，每个只能用一次。
先在 <think></think> 内写简短步骤。
</think> 后只输出最终公式。
<think>
","首先计算 1 + 1 = 2。然后计算 4 - 6 = -2。然后计算 10 - -2 = 12。最后计算 2 * 12 = 24。</think>
(1 + 1) * (10 - (4 - 6))"
"5, 10, 10, 12","计算24点。
使用数字 5, 10, 10, 12，每个只能用一次。
先在 <think></think> 内写简短步骤。
</think> 后只输出最终公式。
<think>
","首先计算 10 * 12 = 120。然后计算 10 - 5 = 5。最后计算 120 / 5 = 24。</think>
(10 * 12) / (10 - 5)"
"2, 5, 5, 11","计算24点。
使用数字 2, 5, 5, 11，每个只能用一次。
先在 <think></think> 内写简短步骤。
</think> 后只输出最终公式。
<think>
","首先计算 2 + 5 = 7。然后计算 5 * 7 = 35。最后计算 35 - 11 = 24。</think>
(5 * (2 + 5)) - 11"
"3, 10, 11","计算24点。
使用数字 3, 10, 11，每个只能用一次。
先在 <think></think> 内写简短步骤。
</think> 后只输出最终公式。
<think>
","首先计算 3 + 10 = 13。最后计算 11 + 13 = 24。</think>
11 + (3 + 10)"
"6, 6, 12, 12","计算24点。
使用数字 6, 6, 12, 12，每个只能用一次。
先在 <think></think> 内写简短步骤。
</think> 后只输出最终公式。
<think>
","首先计算 6 - 6 = 0。然后计算 12 + 12 = 24。最后计算 0 + 24 = 24。</think>
(6 - 6) + (12 + 12)"
"4, 7, 9, 9","计算24点。
使用数字 4, 7, 9, 9，每个只能用一次。
先在 <think></think> 内写简短步骤。
</think> 后只输出最终公式。
<think>
","首先计算 9 / 9 = 1。然后计算 7 - 1 = 6。最后计算 4 * 6 = 24。</think>
4 * (7 - (9 / 9))"
"6, 6, 6, 9","计算24点。
使用数字 6, 6, 6, 9，每个只能用一次。
先在 <think></think> 内写简短步骤。
</think> 后只输出最终公式。
<think>
","首先计算 6 * 6 = 36。然后计算 6 / 9 = 0.67。最后计算 36 * 0.67 = 24。</think>
(6 * 6) * (6 / 9)"
"2, 9, 13","计算24点。
使用数字 2, 9, 13，每个只能用一次。
先在 <think></think> 内写简短步骤。
</think> 后只输出最终公式。
<think>
","首先计算 2 + 9 = 11。最后计算 13 + 11 = 24。</think>
13 + (2 + 9)"
"4, 7, 13","计算24点。
使用数字 4, 7, 13，每个只能用一次。
先在 <think></think> 内写简短步骤。
</think> 后只输出最终公式。
<think>
","首先计算 4 + 7 = 11。最后计算 13 + 11 = 24。</think>
13 + (4 + 7)"
"3, 4, 8, 9","计算24点。
使用数字 3, 4, 8, 9，每个只能用一次。
先在 <think></think> 内写简短步骤。
</think> 后只输出最终公式。
<think>
","首先计算 3 + 4 = 7。然后计算 8 + 9 = 17。最后计算 7 + 17 = 24。</think>
(3 + 4) + (8 + 9)"
"4, 7, 8","计算24点。
使用数字 4, 7, 8，每个只能用一次。
先在 <think></think> 内写简短步骤。
</think> 后只输出最终公式。
<think>
","首先计算 7 - 4 = 3。最后计算 8 * 3 = 24。</think>
8 * (7 - 4)"
"3, 3, 6, 9","计算24点。
使用数字 3, 3, 6, 9，每个只能用一次。
先在 <think></think> 内写简短步骤。
</think> 后只输出最终公式。
<think>
","首先计算 3 * 3 = 9。然后计算 6 + 9 = 15。最后计算 9 + 15 = 24。</think>
(3 * 3) + (6 + 9)"
"5, 7, 9, 9, 13","计算24点。
使用数字 5, 7, 9, 9, 13，每个只能用一次。
先在 <think></think> 内写简短步骤。
</think> 后只输出最终公式。
<think>
","首先计算 5 + 7 = 12。然后计算 13 + 12 = 25。然后计算 9 / 9 = 1。最后计算 25 - 1 = 24。</think>
(13 + (5 + 7)) - (9 / 9)"
"1, 3, 7","计算24点。
使用数字 1, 3, 7，每个只能用一次。
先在 <think></think> 内写简短步骤。
</think> 后只输出最终公式。
<think>
","首先计算 1 + 7 = 8。最后计算 3 * 8 = 24。</think>
3 * (1 + 7)"
"6, 9, 9, 10, 12","计算24点。
使用数字 6, 9, 9, 10, 12，每个只能用一次。
先在 <think></think> 内写简短步骤。
</think> 后只输出最终公式。
<think>
","首先计算 9 - 10 = -1。然后计算 6 - 9 = -3。然后计算 -1 - -3 = 2。最后计算 12 * 2 = 24。</think>
12 * ((9 - 10) - (6 - 9))"
"1, 2, 5, 9","计算24点。
使用数字 1, 2, 5, 9，每个只能用一次。
先在 <think></think> 内写简短步骤。
</think> 后只输出最终公式。
<think>
","首先计算 1 + 2 = 3。然后计算 5 * 3 = 15。最后计算 9 + 15 = 24。</think>
9 + (5 * (1 + 2))"
"3, 4, 7, 10, 10","计算24点。
使用数字 3, 4, 7, 10, 10，每个只能用一次。
先在 <think></think> 内写简短步骤。
</think> 后只输出最终公式。
<think>
","首先计算 3 * 4 = 12。然后计算 10 - 12 = -2。然后计算 7 * -2 = -14。最后计算 10 - -14 = 24。</think>
10 - (7 * (10 - (3 * 4)))"
"5, 7, 9, 12, 12","计算24点。
使用数字 5, 7, 9, 12, 12，每个只能用一次。
先在 <think></think> 内写简短步骤。
</think> 后只输出最终公式。
<think>
","首先计算 12 - 9 = 3。然后计算 12 * 3 = 36。然后计算 5 + 7 = 12。最后计算 36 - 12 = 24。</think>
(12 * (12 - 9)) - (5 + 7)"
"1, 1, 6, 12, 12","计算24点。
使用数字 1, 1, 6, 12, 12，每个只能用一次。
先在 <think></think> 内写简短步骤。
</think> 后只输出最终公式。
<think>
","首先计算 6 + 12 = 18。然后计算 1 + 1 = 2。然后计算 12 / 2 = 6。最后计算 18 + 6 = 24。</think>
(6 + 12) + (12 / (1 + 1))"
"5, 10, 12","计算24点。
使用数字 5, 10, 12，每个只能用一次。
先在 <think></think> 内写简短步骤。
</think> 后只输出最终公式。
<think>
","首先计算 5 / 10 = 0.50。最后计算 12 / 0.50 = 24。</think>
12 / (5 / 10)"
"1, 1, 9, 9, 13","计算24点。
使用数字 1, 1, 9, 9, 13，每个只能用一次。
先在 <think></think> 内写简短步骤。
</think> 后只输出最终公式。
<think>
","首先计算 1 + 1 = 2。然后计算 9 / 9 = 1。然后计算 13 - 1 = 12。最后计算 2 * 12 = 24。</think>
(1 + 1) * (13 - (9 / 9))"
"1, 3, 5, 11","计算24点。
使用数字 1, 3, 5, 11，每个只能用一次。
先在 <think></think> 内写简短步骤。
</think> 后只输出最终公式。
<think>
","首先计算 1 + 3 = 4。然后计算 11 - 5 = 6。最后计算 4 * 6 = 24。</think>
(1 + 3) * (11 - 5)"
"11, 11, 11, 12","计算24点。
使用数字 11, 11, 11, 12，每个只能用一次。
先在 <think></think> 内写简短步骤。
</think> 后只输出最终公式。
<think>
","首先计算 11 + 11 = 22。然后计算 11 / 12 = 0.92。最后计算 22 / 0.92 = 24。</think>
(11 + 11) / (11 / 12)"
"1, 3, 8, 11","计算24点。
使用数字 1, 3, 8, 11，每个只能用一次。
先在 <think></think> 内写简短步骤。
</think> 后只输出最终公式。
<think>
","首先计算 3 * 11 = 33。然后计算 1 + 8 = 9。最后计算 33 - 9 = 24。</think>
(3 * 11) - (1 + 8)"
"2, 3, 5, 7","计算24点。
使用数字 2, 3, 5, 7，每个只能用一次。
先在 <think></think> 内写简短步骤。
</think> 后只输出最终公式。
<think>
","首先计算 3 * 7 = 21。然后计算 2 - 5 = -3。最后计算 21 - -3 = 24。</think>
(3 * 7) - (2 - 5)"
"4, 9, 10, 11","计算24点。
使用数字 4, 9, 10, 11，每个只能用一次。
先在 <think></think> 内写简短步骤。
</think> 后只输出最终公式。
<think>
","首先计算 9 - 11 = -2。然后计算 10 * -2 = -20。最后计算 4 - -20 = 24。</think>
4 - (10 * (9 - 11))"
"3, 6, 8, 8, 13","计算24点。
使用数字 3, 6, 8, 8, 13，每个只能用一次。
先在 <think></think> 内写简短步骤。
</think> 后只输出最终公式。
<think>
","首先计算 3 + 6 = 9。然后计算 13 - 9 = 4。然后计算 8 * 4 = 32。最后计算 32 - 8 = 24。</think>
(8 * (13 - (3 + 6))) - 8"
